0.0;-1.000.243;-7.814;31.257
0.009;-1.000.243;0.000;39.072
0.018;-1.000.243;-7.814;31.257
0.027;-1.008.057;-7.814;46.886
0.037;-1.008.057;0.000;46.886
0.046;-1.000.243;0.000;46.886
0.055;-1.000.243;-7.814;46.886
0.064;-1.000.243;-7.814;31.257
0.074;-1.000.243;-15.628;39.072
0.084;-1.000.243;-15.628;31.257
0.093;-992.428;-7.814;23.443
0.102;-992.428;-7.814;39.072
0.111;-992.428;-7.814;54.700
0.12;-992.428;-7.814;54.700
0.129;-992.428;-7.814;54.700
0.138;-984.614;7.814;62.515
0.148;-1.000.243;-7.814;39.072
0.156;-992.428;0.000;39.072
0.166;-992.428;-7.814;31.257
0.175;-992.428;-7.814;39.072
0.184;-1.000.243;-15.628;31.257
0.194;-1.000.243;0.000;39.072
0.203;-1.000.243;0.000;39.072
0.212;-984.614;-15.628;46.886
0.221;-992.428;-7.814;39.072
0.23;-992.428;-7.814;23.443
0.239;-992.428;0.000;23.443
0.249;-1.000.243;-15.628;31.257
0.258;-1.008.057;-7.814;39.072
0.268;-1.008.057;-7.814;54.700
0.278;-1.000.243;0.000;39.072
0.286;-992.428;0.000;39.072
0.295;-1.000.243;-7.814;39.072
0.304;-1.000.243;-7.814;31.257
0.314;-1.000.243;-15.628;39.072
0.323;-984.614;-23.443;31.257
0.333;-984.614;-23.443;31.257
0.342;-992.428;-23.443;39.072
0.352;-984.614;-15.628;31.257
0.361;-1.000.243;-7.814;31.257
0.37;-1.000.243;-7.814;46.886
0.38;-1.000.243;-7.814;46.886
0.39;-1.008.057;-15.628;39.072
0.399;-984.614;-7.814;31.257
0.408;-992.428;-7.814;39.072
0.417;-1.008.057;-7.814;39.072
0.427;-1.015.872;-7.814;15.628
0.436;-1.000.243;-7.814;23.443
0.445;-992.428;-15.628;39.072
0.455;-1.000.243;0.000;46.886
0.464;-992.428;-7.814;46.886
0.473;-992.428;-7.814;39.072
0.482;-1.008.057;-15.628;23.443
0.492;-992.428;-7.814;39.072
0.501;-1.000.243;0.000;39.072
0.509;-992.428;0.000;31.257
0.518;-992.428;0.000;31.257
0.528;-1.000.243;-15.628;23.443
0.537;-1.000.243;-7.814;46.886
0.547;-1.000.243;-7.814;46.886
0.556;-1.000.243;-7.814;46.886
0.566;-1.008.057;-7.814;39.072
0.575;-1.000.243;-15.628;39.072
0.584;-992.428;-7.814;39.072
0.595;-992.428;-7.814;31.257
0.603;-1.000.243;-15.628;31.257
0.612;-992.428;-7.814;31.257
0.621;-1.000.243;0.000;39.072
0.631;-1.000.243;-7.814;54.700
0.64;-992.428;-7.814;54.700
0.649;-992.428;-7.814;23.443
0.658;-1.000.243;-7.814;23.443
0.668;-1.000.243;-7.814;31.257
0.677;-992.428;0.000;39.072
0.686;-1.000.243;0.000;39.072
0.695;-992.428;0.000;39.072
0.704;-1.000.243;-7.814;46.886
0.713;-992.428;-7.814;46.886
0.722;-992.428;-7.814;46.886
0.731;-992.428;-7.814;39.072
0.741;-992.428;0.000;54.700
0.75;-1.000.243;-15.628;46.886
0.759;-1.008.057;-7.814;31.257
0.769;-1.008.057;-7.814;31.257
0.778;-984.614;-7.814;39.072
0.787;-992.428;-7.814;31.257
0.796;-992.428;-15.628;31.257
0.805;-992.428;0.000;54.700
0.814;-992.428;-7.814;54.700
0.824;-1.000.243;0.000;46.886
0.833;-1.008.057;-7.814;46.886
0.843;-1.000.243;-15.628;46.886
0.852;-992.428;-15.628;46.886
0.862;-1.008.057;-15.628;31.257
0.871;-992.428;-7.814;46.886
0.88;-992.428;-7.814;46.886
0.889;-992.428;-15.628;39.072
0.898;-992.428;15.628;39.072
0.908;-1.000.243;0.000;39.072
0.917;-992.428;-7.814;46.886
0.926;-1.008.057;-15.628;39.072
0.936;-1.008.057;-15.628;39.072
0.945;-992.428;0.000;46.886
0.954;-992.428;-7.814;39.072
0.963;-984.614;-7.814;39.072
0.973;-1.000.243;-15.628;62.515
0.982;-984.614;0.000;54.700
0.991;-984.614;-15.628;46.886
1.0;-984.614;0.000;39.072
1.009;-1.000.243;-7.814;31.257
1.018;-992.428;0.000;46.886
1.027;-992.428;0.000;46.886
1.036;-1.000.243;0.000;54.700
1.046;-1.008.057;-7.814;54.700
1.055;-1.000.243;-7.814;46.886
1.065;-1.000.243;-7.814;62.515
1.073;-992.428;0.000;46.886
1.082;-984.614;7.814;54.700
1.092;-1.000.243;-7.814;54.700
1.101;-1.000.243;-7.814;46.886
1.112;-1.008.057;-7.814;54.700
1.12;-1.008.057;-7.814;46.886
1.129;-992.428;-15.628;39.072
1.139;-992.428;-23.443;54.700
1.148;-992.428;-15.628;46.886
1.158;-984.614;-15.628;46.886
1.167;-992.428;-7.814;54.700
1.176;-992.428;-7.814;39.072
1.185;-968.985;0.000;46.886
1.194;-1.000.243;-7.814;54.700
1.203;-1.008.057;-7.814;62.515
1.213;-1.000.243;0.000;39.072
1.222;-992.428;0.000;62.515
1.23;-992.428;0.000;54.700
1.239;-992.428;0.000;39.072
1.248;-992.428;0.000;46.886
1.257;-992.428;0.000;46.886
1.266;-992.428;0.000;54.700
1.275;-1.000.243;0.000;39.072
1.284;-992.428;0.000;31.257
1.293;-984.614;7.814;46.886
1.302;-1.000.243;0.000;54.700
1.311;-992.428;7.814;62.515
1.32;-1.000.243;-7.814;39.072
1.33;-1.000.243;-7.814;46.886
1.339;-992.428;-7.814;46.886
1.348;-984.614;-15.628;62.515
1.357;-984.614;7.814;46.886
1.366;-992.428;7.814;46.886
1.375;-992.428;-15.628;39.072
1.385;-992.428;-23.443;39.072
1.394;-992.428;-7.814;39.072
1.403;-992.428;-15.628;46.886
1.413;-984.614;-15.628;39.072
1.422;-1.015.872;-7.814;46.886
1.431;-984.614;-7.814;46.886
1.44;-992.428;0.000;46.886
1.449;-992.428;0.000;46.886
1.458;-1.000.243;0.000;39.072
1.467;-1.000.243;0.000;54.700
1.476;-1.000.243;0.000;54.700
1.485;-992.428;0.000;54.700
1.494;-1.000.243;0.000;62.515
1.503;-992.428;0.000;46.886
1.512;-992.428;-7.814;54.700
1.522;-992.428;-15.628;39.072
1.531;-992.428;-7.814;39.072
1.54;-1.000.243;0.000;39.072
1.549;-992.428;-15.628;39.072
1.559;-984.614;-15.628;46.886
1.568;-984.614;-7.814;31.257
1.577;-992.428;0.000;46.886
1.585;-992.428;0.000;46.886
1.595;-992.428;-7.814;54.700
1.604;-1.000.243;-7.814;62.515
1.613;-1.015.872;-7.814;46.886
1.623;-1.000.243;-15.628;46.886
1.633;-1.008.057;-15.628;39.072
1.642;-976.800;-23.443;70.329
1.652;-992.428;-15.628;46.886
1.661;-992.428;-15.628;46.886
1.67;-992.428;-7.814;39.072
1.679;-1.000.243;0.000;46.886
1.688;-1.000.243;0.000;23.443
1.697;-992.428;0.000;39.072
1.706;-992.428;-7.814;39.072
1.715;-992.428;-7.814;39.072
1.725;-1.000.243;-15.628;46.886
1.734;-992.428;-7.814;39.072
1.745;-1.000.243;-15.628;46.886
1.754;-1.000.243;-15.628;39.072
1.763;-1.000.243;0.000;54.700
1.772;-1.000.243;-7.814;54.700
1.781;-1.008.057;-7.814;39.072
1.791;-1.000.243;-7.814;54.700
1.8;-992.428;-7.814;31.257
1.809;-992.428;-15.628;39.072
1.819;-992.428;-15.628;39.072
1.828;-984.614;-7.814;39.072
1.837;-992.428;-7.814;46.886
1.846;-976.800;0.000;39.072
1.855;-976.800;0.000;39.072
1.864;-1.000.243;-7.814;46.886
1.874;-1.008.057;-7.814;39.072
1.883;-1.000.243;-7.814;31.257
1.892;-992.428;-23.443;46.886
1.902;-1.000.243;-23.443;46.886
1.912;-1.008.057;-15.628;31.257
1.921;-984.614;-7.814;31.257
1.93;-984.614;-15.628;31.257
1.939;-992.428;-7.814;23.443
1.949;-1.000.243;-15.628;31.257
1.958;-992.428;-15.628;46.886
1.968;-1.000.243;-7.814;39.072
1.977;-1.008.057;-7.814;39.072
1.987;-1.008.057;-7.814;54.700
1.996;-1.000.243;0.000;54.700
2.005;-1.000.243;0.000;54.700
2.014;-992.428;-7.814;46.886
2.023;-992.428;0.000;46.886
2.032;-1.000.243;-7.814;39.072
2.041;-992.428;0.000;31.257
2.05;-992.428;-7.814;39.072
2.059;-1.008.057;0.000;31.257
2.068;-992.428;-7.814;31.257
2.078;-992.428;-15.628;46.886
2.087;-984.614;-7.814;46.886
2.096;-992.428;-15.628;39.072
2.105;-992.428;-7.814;54.700
2.115;-992.428;-7.814;54.700
2.124;-1.000.243;0.000;46.886
2.133;-1.000.243;-7.814;39.072
2.142;-992.428;0.000;39.072
2.151;-1.008.057;-7.814;31.257
2.161;-1.000.243;-7.814;39.072
2.17;-992.428;-15.628;39.072
2.18;-992.428;-23.443;31.257
2.189;-992.428;-15.628;39.072
2.199;-1.000.243;-15.628;31.257
2.208;-992.428;-15.628;31.257
2.217;-984.614;-15.628;39.072
2.227;-992.428;-23.443;31.257
2.236;-1.008.057;-7.814;46.886
2.246;-1.008.057;-7.814;39.072
2.255;-1.008.057;-7.814;39.072
2.264;-1.000.243;-7.814;39.072
2.274;-1.000.243;-7.814;23.443
2.283;-992.428;-15.628;39.072
2.293;-1.000.243;-31.257;31.257
2.302;-992.428;-54.700;31.257
2.312;-1.000.243;-15.628;46.886
2.322;-1.000.243;-31.257;39.072
2.331;-992.428;-23.443;31.257
2.341;-992.428;-31.257;31.257
2.35;-992.428;-15.628;23.443
2.359;-992.428;-31.257;39.072
2.369;-1.000.243;-23.443;39.072
2.379;-1.000.243;-15.628;39.072
2.388;-992.428;-15.628;23.443
2.398;-1.000.243;-15.628;39.072
2.407;-1.000.243;-23.443;39.072
2.417;-1.008.057;-7.814;39.072
2.426;-1.000.243;-7.814;39.072
2.435;-992.428;-7.814;31.257
2.445;-1.008.057;-7.814;46.886
2.454;-1.008.057;-7.814;46.886
2.464;-992.428;-15.628;39.072
2.473;-1.000.243;-15.628;31.257
2.483;-992.428;-23.443;31.257
2.492;-992.428;-15.628;39.072
2.502;-1.000.243;-15.628;39.072
2.511;-992.428;-15.628;31.257
2.52;-984.614;-7.814;31.257
2.53;-1.015.872;-23.443;23.443
2.539;-992.428;-7.814;23.443
2.548;-976.800;-7.814;23.443
2.557;-992.428;0.000;31.257
2.567;-1.008.057;-7.814;31.257
2.576;-1.008.057;-7.814;31.257
2.585;-1.008.057;0.000;31.257
2.594;-992.428;-7.814;39.072
2.603;-992.428;-7.814;39.072
2.613;-1.000.243;-23.443;39.072
2.622;-992.428;-15.628;39.072
2.632;-992.428;-23.443;31.257
2.641;-1.000.243;-31.257;31.257
2.651;-992.428;-23.443;39.072
2.66;-1.000.243;-15.628;39.072
2.67;-1.008.057;-31.257;39.072
2.68;-1.000.243;-15.628;39.072
2.689;-1.000.243;-7.814;39.072
2.699;-1.000.243;-23.443;39.072
2.709;-1.000.243;-15.628;39.072
2.718;-992.428;-15.628;46.886
2.728;-992.428;-23.443;31.257
2.737;-1.000.243;-15.628;39.072
2.746;-992.428;-7.814;39.072
2.756;-1.000.243;-15.628;46.886
2.766;-1.000.243;-15.628;39.072
2.775;-992.428;0.000;39.072
2.784;-1.000.243;0.000;39.072
2.793;-1.000.243;0.000;39.072
2.802;-1.000.243;-7.814;31.257
2.811;-992.428;-7.814;39.072
2.82;-992.428;-7.814;39.072
2.83;-1.000.243;-7.814;39.072
2.839;-1.000.243;-15.628;54.700
2.849;-1.000.243;-7.814;39.072
2.858;-992.428;-23.443;39.072
2.868;-1.000.243;-23.443;31.257
2.878;-1.008.057;-15.628;23.443
2.887;-992.428;-23.443;39.072
2.896;-992.428;-15.628;31.257
2.906;-1.000.243;-7.814;31.257
2.915;-992.428;-15.628;31.257
2.925;-1.000.243;-23.443;39.072
2.934;-992.428;0.000;39.072
2.943;-992.428;-7.814;39.072
2.952;-992.428;-7.814;39.072
2.961;-992.428;0.000;23.443
2.97;-992.428;-15.628;31.257
2.98;-992.428;-7.814;46.886
2.988;-992.428;7.814;39.072
2.998;-992.428;-15.628;31.257
3.007;-992.428;-7.814;31.257
3.017;-1.000.243;-15.628;31.257
3.026;-992.428;-15.628;31.257
3.035;-992.428;-23.443;31.257
3.045;-1.000.243;-15.628;31.257
3.054;-992.428;-15.628;46.886
3.064;-992.428;-31.257;39.072
3.073;-992.428;-23.443;46.886
3.083;-992.428;-23.443;39.072
3.092;-992.428;-23.443;39.072
3.101;-992.428;-15.628;46.886
3.111;-1.000.243;-31.257;46.886
3.121;-1.000.243;-15.628;31.257
3.13;-992.428;-23.443;31.257
3.14;-992.428;-23.443;39.072
3.149;-992.428;-7.814;39.072
3.158;-992.428;-7.814;31.257
3.167;-1.000.243;0.000;31.257
3.177;-1.000.243;-15.628;39.072
3.186;-1.000.243;-23.443;39.072
3.196;-992.428;-7.814;23.443
3.205;-992.428;-7.814;23.443
3.214;-1.000.243;0.000;39.072
3.223;-1.000.243;-7.814;31.257
3.232;-1.000.243;0.000;39.072
3.241;-992.428;0.000;39.072
3.25;-1.000.243;0.000;39.072
3.259;-992.428;7.814;54.700
3.268;-1.000.243;0.000;31.257
3.277;-992.428;0.000;39.072
3.286;-1.000.243;0.000;46.886
3.295;-992.428;-7.814;46.886
3.304;-1.000.243;0.000;46.886
3.313;-1.000.243;7.814;46.886
3.323;-992.428;-7.814;31.257
3.332;-992.428;-7.814;31.257
3.341;-1.008.057;-7.814;46.886
3.351;-1.000.243;-15.628;39.072
3.36;-1.000.243;0.000;62.515
3.369;-992.428;-15.628;54.700
3.379;-992.428;-15.628;46.886
3.388;-984.614;-23.443;46.886
3.397;-984.614;-15.628;54.700
3.407;-992.428;-7.814;54.700
3.416;-1.000.243;-15.628;46.886
3.426;-984.614;-23.443;39.072
3.435;-1.000.243;-15.628;39.072
3.444;-1.000.243;0.000;46.886
3.454;-1.000.243;0.000;39.072
3.463;-1.000.243;0.000;54.700
3.472;-1.000.243;0.000;54.700
3.481;-1.000.243;0.000;54.700
3.49;-992.428;0.000;62.515
3.499;-992.428;0.000;46.886
3.508;-992.428;0.000;39.072
3.516;-992.428;0.000;46.886
3.526;-1.008.057;0.000;31.257
3.535;-1.000.243;0.000;39.072
3.544;-984.614;0.000;54.700
3.552;-992.428;0.000;39.072
3.562;-992.428;-7.814;46.886
3.571;-992.428;-7.814;46.886
3.58;-992.428;-7.814;54.700
3.589;-992.428;0.000;54.700
3.598;-1.008.057;0.000;46.886
3.607;-1.008.057;-7.814;39.072
3.617;-1.000.243;-7.814;31.257
3.625;-992.428;0.000;23.443
3.635;-992.428;-15.628;46.886
3.644;-1.000.243;-23.443;46.886
3.654;-992.428;-7.814;31.257
3.663;-992.428;-15.628;54.700
3.673;-1.000.243;-23.443;54.700
3.682;-1.000.243;-23.443;39.072
3.692;-984.614;-31.257;46.886
3.701;-984.614;-23.443;39.072
3.711;-1.000.243;-23.443;39.072
3.721;-1.000.243;-23.443;31.257
3.73;-992.428;-23.443;23.443
3.739;-992.428;-7.814;23.443
3.748;-1.008.057;7.814;23.443
3.757;-1.000.243;0.000;39.072
3.766;-1.000.243;0.000;46.886
3.775;-992.428;0.000;39.072
3.784;-992.428;0.000;46.886
3.794;-992.428;-15.628;39.072
3.803;-1.000.243;-15.628;39.072
3.812;-984.614;-7.814;39.072
3.822;-1.000.243;-7.814;54.700
3.831;-1.000.243;-15.628;31.257
3.841;-992.428;-7.814;39.072
3.85;-992.428;-7.814;39.072
3.859;-1.000.243;-7.814;31.257
3.868;-1.000.243;0.000;46.886
3.877;-1.000.243;0.000;39.072
3.886;-1.008.057;0.000;31.257
3.896;-992.428;-7.814;31.257
3.904;-984.614;0.000;31.257
3.914;-992.428;-7.814;31.257
3.923;-1.000.243;-7.814;39.072
3.933;-1.000.243;-15.628;46.886
3.942;-992.428;-7.814;39.072
3.951;-1.000.243;-15.628;46.886
3.961;-992.428;-23.443;39.072
3.97;-992.428;-23.443;39.072
3.98;-992.428;-23.443;39.072
3.989;-992.428;-15.628;46.886
3.998;-992.428;-7.814;39.072
4.007;-992.428;-7.814;31.257
4.016;-992.428;-7.814;39.072
4.025;-992.428;-7.814;31.257
4.035;-1.000.243;0.000;31.257
4.043;-992.428;0.000;46.886
4.053;-992.428;-7.814;31.257
4.062;-1.000.243;-7.814;46.886
4.071;-992.428;0.000;39.072
4.08;-992.428;-15.628;46.886
4.09;-992.428;-15.628;46.886
4.098;-984.614;0.000;39.072
4.108;-992.428;-7.814;46.886
4.117;-1.000.243;0.000;39.072
4.126;-992.428;-7.814;31.257
4.135;-1.000.243;-7.814;31.257
4.144;-992.428;-7.814;39.072
4.154;-1.000.243;-7.814;31.257
4.163;-1.000.243;0.000;46.886
4.172;-1.000.243;-7.814;31.257
4.182;-1.000.243;-7.814;31.257
4.191;-1.000.243;-15.628;39.072
4.201;-1.000.243;-54.700;39.072
4.21;-984.614;-15.628;46.886
4.22;-984.614;-15.628;39.072
4.229;-992.428;-15.628;39.072
4.238;-1.000.243;0.000;46.886
4.248;-1.008.057;-7.814;31.257
4.257;-1.000.243;0.000;39.072
4.266;-992.428;0.000;39.072
4.275;-992.428;-7.814;39.072
4.284;-1.008.057;-15.628;39.072
4.293;-992.428;0.000;46.886
4.303;-992.428;-15.628;39.072
4.312;-992.428;-7.814;54.700
4.321;-1.000.243;-7.814;54.700
4.331;-1.000.243;-7.814;39.072
4.34;-1.000.243;-7.814;39.072
4.349;-1.000.243;-7.814;46.886
4.359;-992.428;-7.814;46.886
4.368;-984.614;-15.628;39.072
4.377;-992.428;-7.814;39.072
4.386;-1.000.243;0.000;39.072
4.395;-1.008.057;0.000;23.443
4.404;-992.428;-7.814;7.814
4.414;-1.015.872;-7.814;31.257
4.423;-1.008.057;0.000;46.886
4.432;-992.428;-7.814;54.700
4.441;-984.614;-7.814;46.886
4.45;-976.800;-15.628;39.072
4.46;-1.008.057;-23.443;46.886
4.47;-1.008.057;-15.628;31.257
4.479;-1.008.057;-7.814;39.072
4.488;-1.000.243;-7.814;39.072
4.498;-992.428;-7.814;46.886
4.507;-1.000.243;0.000;31.257
4.516;-984.614;-7.814;39.072
4.525;-1.008.057;0.000;31.257
4.534;-1.015.872;-7.814;46.886
4.543;-1.000.243;0.000;39.072
4.553;-992.428;-15.628;46.886
4.562;-1.000.243;-7.814;39.072
4.572;-992.428;-23.443;46.886
4.581;-1.000.243;-15.628;46.886
4.591;-1.008.057;-7.814;23.443
4.6;-992.428;-7.814;23.443
4.609;-1.008.057;-7.814;39.072
4.619;-1.008.057;-7.814;39.072
4.628;-1.008.057;0.000;39.072
4.637;-1.000.243;-7.814;23.443
4.646;-992.428;-7.814;39.072
4.655;-984.614;-7.814;31.257
4.665;-1.000.243;-15.628;54.700
4.675;-1.000.243;-23.443;46.886
4.684;-992.428;-23.443;46.886
4.693;-992.428;-31.257;39.072
4.703;-1.000.243;-31.257;31.257
4.713;-1.000.243;-23.443;23.443
4.722;-1.008.057;-7.814;23.443
4.731;-1.023.686;0.000;23.443
4.74;-1.008.057;0.000;15.628
4.75;-984.614;-7.814;23.443
4.759;-1.008.057;0.000;15.628
4.768;-1.008.057;0.000;15.628
4.777;-992.428;-7.814;7.814
4.786;-984.614;-7.814;23.443
4.795;-992.428;-7.814;31.257
4.804;-992.428;-7.814;15.628
4.813;-976.800;-23.443;15.628
4.823;-1.008.057;-15.628;39.072
4.832;-1.015.872;-7.814;23.443
4.842;-1.015.872;-15.628;31.257
4.852;-1.023.686;-23.443;31.257
4.862;-1.023.686;-39.072;46.886
4.871;-1.008.057;-46.886;31.257
4.881;-992.428;-54.700;39.072
4.89;-992.428;-54.700;23.443
4.899;-992.428;-39.072;39.072
4.909;-1.000.243;-31.257;31.257
4.919;-1.015.872;-15.628;39.072
4.928;-1.039.315;-15.628;15.628
4.938;-1.039.315;-15.628;31.257
4.948;-1.039.315;-15.628;31.257
4.957;-1.031.500;-7.814;54.700
4.967;-1.031.500;-31.257;46.886
4.977;-1.031.500;-39.072;46.886
4.986;-1.039.315;-31.257;54.700
4.996;-1.023.686;-31.257;54.700
5.006;-1.015.872;-23.443;39.072
5.015;-1.008.057;-31.257;23.443
5.025;-992.428;-23.443;31.257
5.034;-992.428;-7.814;31.257
5.043;-1.000.243;-7.814;39.072
5.052;-992.428;0.000;46.886
5.061;-976.800;7.814;54.700
5.07;-976.800;15.628;54.700
5.079;-984.614;15.628;93.772
5.088;-984.614;0.000;78.144
5.097;-1.015.872;7.814;70.329
5.107;-1.015.872;7.814;70.329
5.116;-1.008.057;-15.628;54.700
5.126;-992.428;-31.257;85.958
5.135;-968.985;-62.515;46.886
5.144;-945.542;-93.772;54.700
5.154;-968.985;-125.030;54.700
5.164;-961.171;-164.102;62.515
5.173;-976.800;-171.916;70.329
5.183;-992.428;-148.473;70.329
5.193;-992.428;-85.958;70.329
5.202;-968.985;-46.886;46.886
5.211;-968.985;-7.814;23.443
5.22;-976.800;15.628;15.628
5.229;-984.614;54.700;7.814
5.239;-976.800;101.587;15.628
5.248;-992.428;148.473;23.443
5.257;-984.614;156.288;23.443
5.267;-984.614;156.288;23.443
5.276;-968.985;156.288;31.257
5.286;-945.542;140.659;23.443
5.295;-929.913;78.144;15.628
5.304;-906.470;62.515;23.443
5.313;-898.656;23.443;0.000
5.322;-937.728;23.443;15.628
5.331;-945.542;15.628;31.257
5.34;-929.913;15.628;23.443
5.349;-898.656;-7.814;15.628
5.358;-875.212;-39.072;23.443
5.368;-890.841;-39.072;39.072
5.377;-914.284;-31.257;39.072
5.387;-914.284;-93.772;54.700
5.396;-961.171;-78.144;54.700
5.405;-945.542;-93.772;93.772
5.416;-968.985;-109.401;78.144
5.425;-961.171;-93.772;62.515
5.434;-1.000.243;-70.329;70.329
5.444;-1.023.686;-117.216;85.958
5.454;-1.023.686;-156.288;101.587
5.464;-1.054.943;-78.144;101.587
5.473;-1.062.758;7.814;78.144
5.483;-1.054.943;31.257;23.443
5.492;-1.015.872;31.257;-7.814
5.501;-1.000.243;7.814;-15.628
5.511;-1.023.686;0.000;-23.443
5.52;-1.039.315;0.000;-7.814
5.53;-1.070.572;-39.072;-15.628
5.54;-1.031.500;-39.072;-31.257
5.549;-992.428;-46.886;-15.628
5.559;-984.614;-70.329;-7.814
5.568;-992.428;-85.958;15.628
5.578;-1.015.872;-101.587;-7.814
5.588;-1.023.686;-93.772;7.814
5.598;-1.023.686;-62.515;-15.628
5.607;-1.031.500;-54.700;-7.814
5.617;-1.023.686;-39.072;-31.257
5.627;-1.008.057;-31.257;-15.628
5.637;-1.000.243;-31.257;-15.628
5.647;-1.008.057;-39.072;-39.072
5.657;-1.023.686;-39.072;-39.072
5.667;-1.023.686;-62.515;-46.886
5.677;-1.023.686;-62.515;-46.886
5.686;-1.023.686;-93.772;-46.886
5.696;-992.428;-70.329;-31.257
5.706;-976.800;-62.515;-31.257
5.715;-992.428;-78.144;-39.072
5.725;-992.428;-85.958;-31.257
5.735;-1.008.057;-78.144;-31.257
5.745;-1.031.500;-70.329;-39.072
5.755;-1.031.500;-46.886;-39.072
5.765;-1.000.243;-23.443;-78.144
5.774;-1.008.057;-7.814;-54.700
5.784;-1.000.243;-39.072;-46.886
5.794;-976.800;-70.329;-54.700
5.804;-1.000.243;-93.772;-31.257
5.814;-992.428;-93.772;-31.257
5.824;-1.008.057;-93.772;-39.072
5.833;-1.015.872;-54.700;-31.257
5.843;-1.015.872;-15.628;-54.700
5.853;-1.023.686;0.000;-62.515
5.862;-1.015.872;7.814;-78.144
5.872;-1.000.243;23.443;-85.958
5.881;-1.008.057;0.000;-93.772
5.891;-992.428;-7.814;-109.401
5.901;-968.985;-39.072;-101.587
5.911;-984.614;-62.515;-85.958
5.92;-961.171;-93.772;-85.958
5.93;-976.800;-125.030;-85.958
5.94;-992.428;-109.401;-85.958
5.95;-1.000.243;-125.030;-62.515
5.96;-1.000.243;-117.216;-54.700
5.97;-992.428;-93.772;-78.144
5.98;-992.428;-109.401;-54.700
5.99;-992.428;-70.329;-78.144
5.999;-992.428;-70.329;-70.329
6.009;-992.428;-70.329;-70.329
6.019;-992.428;-70.329;-93.772
6.029;-984.614;-85.958;-93.772
6.038;-984.614;-85.958;-85.958
6.048;-984.614;-85.958;-78.144
6.058;-992.428;-85.958;-78.144
6.068;-992.428;-101.587;-62.515
6.077;-1.015.872;-85.958;-7.814
6.087;-1.000.243;-101.587;-54.700
6.097;-992.428;-78.144;-54.700
6.107;-1.000.243;-54.700;-46.886
6.117;-992.428;-62.515;-54.700
6.127;-1.008.057;-46.886;-54.700
6.136;-984.614;-54.700;-62.515
6.146;-992.428;-46.886;-54.700
6.156;-1.000.243;-54.700;-46.886
6.166;-984.614;-54.700;-46.886
6.175;-984.614;-54.700;-54.700
6.185;-984.614;-54.700;-31.257
6.195;-984.614;-54.700;-62.515
6.204;-984.614;-62.515;-62.515
6.214;-984.614;-70.329;-62.515
6.224;-992.428;-70.329;-46.886
6.234;-984.614;-62.515;-54.700
6.243;-1.000.243;-85.958;-46.886
6.253;-992.428;-85.958;-31.257
6.263;-1.008.057;-109.401;-54.700
6.274;-1.000.243;-101.587;-39.072
6.283;-992.428;-101.587;-31.257
6.293;-992.428;-93.772;-46.886
6.303;-992.428;-85.958;-46.886
6.313;-1.000.243;-78.144;-23.443
6.323;-1.008.057;-70.329;-70.329
6.333;-1.008.057;-70.329;-62.515
6.342;-992.428;-62.515;-70.329
6.352;-1.000.243;-78.144;-62.515
6.362;-992.428;-78.144;-62.515
6.372;-1.000.243;-85.958;-70.329
6.382;-984.614;-101.587;-62.515
6.391;-992.428;-93.772;-62.515
6.401;-992.428;-78.144;-46.886
6.411;-984.614;-109.401;-39.072
6.421;-1.000.243;-93.772;-70.329
6.43;-992.428;-85.958;-78.144
6.44;-992.428;-85.958;-70.329
6.45;-992.428;-78.144;-62.515
6.46;-1.000.243;-78.144;-70.329
6.469;-984.614;-78.144;-62.515
6.479;-992.428;-93.772;-62.515
6.489;-984.614;-85.958;-70.329
6.499;-992.428;-85.958;-70.329
6.508;-984.614;-78.144;-46.886
6.518;-984.614;-78.144;-70.329
6.528;-992.428;-93.772;-62.515
6.537;-984.614;-85.958;-54.700
6.547;-992.428;-85.958;-46.886
6.557;-992.428;-93.772;-54.700
6.566;-992.428;-93.772;-54.700
6.576;-1.000.243;-93.772;-62.515
6.586;-1.000.243;-85.958;-54.700
6.596;-992.428;-93.772;-78.144
6.606;-984.614;-93.772;-62.515
6.615;-992.428;-78.144;-70.329
6.625;-992.428;-85.958;-70.329
6.635;-992.428;-70.329;-62.515
6.645;-1.008.057;-78.144;-54.700
6.654;-992.428;-78.144;-46.886
6.664;-992.428;-85.958;-62.515
6.674;-992.428;-78.144;-46.886
6.683;-992.428;-78.144;-54.700
6.693;-992.428;-85.958;-54.700
6.703;-992.428;-85.958;-62.515
6.713;-992.428;-78.144;-54.700
6.723;-1.000.243;-85.958;-46.886
6.732;-992.428;-78.144;-54.700
6.743;-1.008.057;-85.958;-39.072
6.753;-1.000.243;-78.144;-62.515
6.763;-992.428;-78.144;-46.886
6.772;-992.428;-62.515;-46.886
6.782;-992.428;-78.144;-46.886
6.792;-984.614;-85.958;-54.700
6.801;-984.614;-70.329;-46.886
6.81;-984.614;-78.144;-46.886
6.821;-984.614;-85.958;-62.515
6.831;-976.800;-78.144;-70.329
6.84;-992.428;-93.772;-78.144
6.85;-992.428;-93.772;-62.515
6.859;-984.614;-93.772;-62.515
6.87;-1.000.243;-93.772;-54.700
6.879;-992.428;-93.772;-46.886
6.889;-1.000.243;-93.772;-54.700
6.899;-1.008.057;-93.772;-54.700
6.908;-1.000.243;-101.587;-46.886
6.919;-1.000.243;-101.587;-46.886
6.93;-992.428;-101.587;-46.886
6.939;-992.428;-93.772;-46.886
6.949;-992.428;-93.772;-62.515
6.958;-992.428;-93.772;-54.700
6.968;-984.614;-85.958;-46.886
6.978;-984.614;-78.144;-70.329
6.988;-976.800;-93.772;-70.329
6.997;-992.428;-78.144;-46.886
7.007;-992.428;-70.329;-54.700
7.017;-1.000.243;-93.772;-62.515
7.027;-1.000.243;-93.772;-54.700
7.036;-992.428;-93.772;-39.072
7.046;-992.428;-85.958;-39.072
7.056;-992.428;-93.772;-39.072
7.066;-976.800;-93.772;-62.515
7.075;-984.614;-93.772;-62.515
7.085;-992.428;-85.958;-62.515
7.095;-992.428;-78.144;-46.886
7.104;-992.428;-78.144;-46.886
7.114;-984.614;-85.958;-39.072
7.124;-992.428;-78.144;-46.886
7.133;-992.428;-70.329;-39.072
7.143;-1.000.243;-70.329;-39.072
7.153;-992.428;-85.958;-46.886
7.163;-1.000.243;-70.329;-46.886
7.173;-1.008.057;-70.329;-46.886
7.183;-1.000.243;-70.329;-46.886
7.192;-984.614;-85.958;-54.700
7.202;-984.614;-93.772;-62.515
7.212;-1.000.243;-93.772;-46.886
7.222;-984.614;-93.772;-62.515
7.231;-992.428;-78.144;-54.700
7.241;-992.428;-78.144;-39.072
7.251;-992.428;-78.144;-46.886
7.261;-992.428;-78.144;-54.700
7.27;-984.614;-93.772;-39.072
7.28;-992.428;-85.958;-39.072
7.29;-992.428;-70.329;-54.700
7.299;-984.614;-70.329;-54.700
7.309;-984.614;-85.958;-46.886
7.319;-1.000.243;-85.958;-46.886
7.329;-1.000.243;-85.958;-46.886
7.339;-1.008.057;-70.329;-46.886
7.349;-1.008.057;-70.329;-46.886
7.358;-992.428;-85.958;-39.072
7.368;-1.008.057;-62.515;-46.886
7.378;-992.428;-78.144;-46.886
7.388;-992.428;-78.144;-23.443
7.397;-984.614;-85.958;-46.886
7.407;-984.614;-78.144;-46.886
7.417;-992.428;-85.958;-39.072
7.426;-992.428;-62.515;-39.072
7.436;-992.428;-62.515;-39.072
7.446;-1.000.243;-78.144;-46.886
7.456;-1.000.243;-54.700;-46.886
7.466;-1.000.243;-54.700;-46.886
7.476;-992.428;-62.515;-31.257
7.485;-1.000.243;-62.515;-23.443
7.495;-1.000.243;-62.515;-39.072
7.505;-1.000.243;-62.515;-39.072
7.515;-1.000.243;-70.329;-46.886
7.525;-984.614;-62.515;-39.072
7.535;-1.000.243;-78.144;-31.257
7.544;-992.428;-70.329;-54.700
7.554;-1.000.243;-62.515;-46.886
7.564;-1.000.243;-78.144;-23.443
7.574;-984.614;-70.329;-39.072
7.584;-992.428;-62.515;-54.700
7.594;-1.000.243;-62.515;-46.886
7.603;-984.614;-70.329;-46.886
7.613;-992.428;-70.329;-39.072
7.623;-992.428;-54.700;-62.515
7.632;-984.614;-54.700;-54.700
7.642;-984.614;-85.958;-62.515
7.652;-1.000.243;-70.329;-62.515
7.662;-1.000.243;-70.329;-46.886
7.671;-992.428;-62.515;-31.257
7.681;-992.428;-62.515;-46.886
7.691;-984.614;-85.958;-39.072
7.701;-1.000.243;-62.515;-31.257
7.71;-992.428;-78.144;-31.257
7.72;-1.000.243;-70.329;-46.886
7.73;-1.000.243;-70.329;-39.072
7.74;-1.000.243;-70.329;-46.886
7.75;-1.000.243;-70.329;-39.072
7.76;-976.800;-62.515;-46.886
7.769;-992.428;-62.515;-31.257
7.779;-1.000.243;-78.144;-46.886
7.789;-992.428;-70.329;-39.072
7.799;-992.428;-62.515;-39.072
7.809;-1.008.057;-62.515;-54.700
7.818;-992.428;-78.144;-46.886
7.828;-984.614;-70.329;-39.072
7.838;-1.000.243;-85.958;-54.700
7.848;-992.428;-85.958;-46.886
7.857;-992.428;-70.329;-62.515
7.867;-992.428;-85.958;-46.886
7.877;-1.000.243;-70.329;-46.886
7.887;-1.000.243;-78.144;-39.072
7.897;-1.000.243;-85.958;-46.886
7.907;-1.000.243;-70.329;-39.072
7.916;-992.428;-78.144;-39.072
7.926;-992.428;-78.144;-62.515
7.936;-1.000.243;-54.700;-54.700
7.946;-984.614;-62.515;-54.700
7.956;-1.008.057;-54.700;-54.700
7.966;-1.008.057;-70.329;-39.072
7.975;-1.000.243;-62.515;-46.886
7.985;-1.008.057;-70.329;-39.072
7.995;-992.428;-62.515;-54.700
8.005;-992.428;-46.886;-46.886
8.014;-992.428;-54.700;-39.072
8.024;-992.428;-54.700;-46.886
8.034;-992.428;-70.329;-54.700
8.044;-1.000.243;-46.886;-54.700
8.053;-992.428;-54.700;-39.072
8.063;-1.000.243;-54.700;-46.886
8.073;-1.000.243;-46.886;-46.886
8.083;-984.614;-46.886;-31.257
8.093;-984.614;-70.329;-54.700
8.101;-984.614;-70.329;-46.886
8.112;-984.614;-85.958;-46.886
8.122;-992.428;-78.144;-31.257
8.131;-992.428;-78.144;-39.072
8.141;-992.428;-70.329;-54.700
8.151;-1.023.686;-85.958;-54.700
8.161;-1.008.057;-85.958;-46.886
8.171;-1.000.243;-78.144;-31.257
8.18;-992.428;-93.772;-62.515
8.19;-984.614;-70.329;-62.515
8.2;-992.428;-101.587;-46.886
8.209;-984.614;-101.587;-54.700
8.22;-1.000.243;-85.958;-46.886
8.229;-984.614;-101.587;-46.886
8.24;-992.428;-101.587;-54.700
8.25;-1.000.243;-85.958;-70.329
8.259;-984.614;-85.958;-54.700
8.269;-992.428;-70.329;-46.886
8.279;-992.428;-54.700;-46.886
8.289;-1.000.243;-54.700;-39.072
8.299;-1.000.243;-46.886;-46.886
8.308;-992.428;-39.072;-46.886
8.318;-992.428;-46.886;-46.886
8.328;-1.000.243;-54.700;-39.072
8.338;-1.000.243;-46.886;-54.700
8.348;-1.008.057;-62.515;-39.072
8.357;-984.614;-54.700;-31.257
8.367;-992.428;-70.329;-39.072
8.377;-992.428;-70.329;-39.072
8.386;-992.428;-70.329;-46.886
8.396;-992.428;-62.515;-46.886
8.406;-1.000.243;-62.515;-46.886
8.416;-1.000.243;-70.329;-46.886
8.425;-976.800;-54.700;-46.886
8.436;-1.000.243;-62.515;-46.886
8.445;-992.428;-62.515;-70.329
8.455;-984.614;-62.515;-39.072
8.465;-1.000.243;-62.515;-46.886
8.474;-992.428;-70.329;-46.886
8.484;-1.000.243;-62.515;-39.072
8.493;-1.000.243;-70.329;-54.700
8.503;-1.000.243;-78.144;-46.886
8.514;-992.428;-39.072;-31.257
8.524;-992.428;-62.515;-39.072
8.533;-992.428;-70.329;-54.700
8.542;-1.000.243;-78.144;-46.886
8.553;-992.428;-70.329;-46.886
8.563;-1.000.243;-62.515;-31.257
8.573;-1.000.243;-62.515;-31.257
8.582;-992.428;-62.515;-46.886
8.592;-992.428;-54.700;-46.886
8.601;-984.614;-62.515;-39.072
8.611;-992.428;-54.700;-31.257
8.621;-984.614;-78.144;-46.886
8.63;-1.000.243;-62.515;-46.886
8.641;-992.428;-46.886;-39.072
8.649;-992.428;-70.329;-46.886
8.66;-1.000.243;-85.958;-39.072
8.67;-992.428;-62.515;-31.257
8.68;-992.428;-54.700;-31.257
8.689;-992.428;-54.700;-39.072
8.699;-992.428;-54.700;-46.886
8.708;-992.428;-78.144;-46.886
8.719;-984.614;-62.515;-54.700
8.728;-984.614;-62.515;-46.886
8.738;-984.614;-62.515;-46.886
8.747;-992.428;-62.515;-46.886
8.757;-1.008.057;-78.144;-46.886
8.766;-992.428;-70.329;-39.072
8.777;-1.000.243;-54.700;-54.700
8.787;-984.614;-62.515;-39.072
8.797;-1.000.243;-70.329;-39.072
8.806;-992.428;-70.329;-46.886
8.815;-1.000.243;-85.958;-46.886
8.825;-984.614;-85.958;-54.700
8.836;-992.428;-62.515;-46.886
8.846;-1.000.243;-62.515;-46.886
8.855;-1.000.243;-78.144;-31.257
8.864;-1.000.243;-70.329;-46.886
8.874;-992.428;-70.329;-46.886
8.884;-992.428;-70.329;-54.700
8.894;-984.614;-78.144;-54.700
8.903;-984.614;-70.329;-54.700
8.913;-984.614;-78.144;-54.700
8.923;-1.000.243;-85.958;-46.886
8.933;-1.000.243;-78.144;-54.700
8.943;-1.000.243;-54.700;-46.886
8.953;-1.000.243;-62.515;-46.886
8.962;-992.428;-70.329;-39.072
8.972;-1.000.243;-70.329;-31.257
8.982;-984.614;-62.515;-54.700
8.993;-984.614;-70.329;-54.700
9.001;-992.428;-54.700;-46.886
9.011;-1.000.243;-54.700;-46.886
9.021;-1.000.243;-62.515;-54.700
9.031;-1.000.243;-62.515;-46.886
9.041;-1.000.243;-62.515;-54.700
9.051;-1.000.243;-62.515;-31.257
9.061;-1.000.243;-62.515;-39.072
9.071;-1.023.686;-70.329;-31.257
9.081;-992.428;-62.515;-39.072
9.09;-992.428;-62.515;-39.072
9.1;-992.428;-54.700;-46.886
9.11;-984.614;-46.886;-54.700
9.119;-992.428;-54.700;-39.072
9.129;-992.428;-62.515;-54.700
9.138;-992.428;-62.515;-46.886
9.148;-984.614;-70.329;-54.700
9.158;-992.428;-70.329;-46.886
9.168;-1.015.872;-70.329;-31.257
9.177;-992.428;-62.515;-39.072
9.187;-992.428;-62.515;-46.886
9.197;-992.428;-62.515;-46.886
9.206;-992.428;-62.515;-46.886
9.216;-992.428;-70.329;-46.886
9.226;-1.000.243;-78.144;-39.072
9.236;-1.000.243;-62.515;-39.072
9.246;-1.000.243;-62.515;-54.700
9.256;-1.000.243;-78.144;-46.886
9.265;-992.428;-78.144;-46.886
9.275;-992.428;-70.329;-46.886
9.285;-992.428;-85.958;-39.072
9.295;-1.000.243;-78.144;-39.072
9.304;-976.800;-85.958;-54.700
9.314;-1.008.057;-70.329;-39.072
9.324;-1.000.243;-70.329;-39.072
9.334;-1.000.243;-54.700;-46.886
9.344;-1.000.243;-54.700;-46.886
9.354;-992.428;-62.515;-46.886
9.363;-992.428;-78.144;-46.886
9.373;-1.000.243;-78.144;-39.072
9.383;-992.428;-54.700;-31.257
9.393;-1.000.243;-54.700;-46.886
9.403;-1.000.243;-70.329;-54.700
9.413;-1.000.243;-62.515;-46.886
9.423;-1.000.243;-62.515;-46.886
9.433;-1.000.243;-54.700;-39.072
9.443;-1.000.243;-70.329;-46.886
9.452;-984.614;-54.700;-31.257
9.462;-992.428;-70.329;-46.886
9.472;-992.428;-70.329;-39.072
9.482;-1.000.243;-62.515;-46.886
9.491;-984.614;-54.700;-31.257
9.501;-992.428;-70.329;-23.443
9.511;-1.000.243;-70.329;-46.886
9.52;-984.614;-70.329;-39.072
9.53;-992.428;-70.329;-39.072
9.54;-1.008.057;-70.329;-39.072
9.55;-992.428;-62.515;-31.257
9.56;-992.428;-85.958;-46.886
9.569;-1.000.243;-70.329;-46.886
9.579;-1.008.057;-62.515;-46.886
9.589;-1.008.057;-62.515;-39.072
9.599;-992.428;-54.700;-39.072
9.61;-992.428;-62.515;-39.072
9.619;-1.000.243;-62.515;-39.072
9.628;-1.008.057;-78.144;-46.886
9.638;-992.428;-70.329;-46.886
9.648;-1.000.243;-54.700;-31.257
9.658;-1.000.243;-78.144;-54.700
9.668;-1.000.243;-70.329;-46.886
9.677;-992.428;-62.515;-31.257
9.687;-992.428;-62.515;-46.886
9.697;-992.428;-62.515;-31.257
9.707;-992.428;-62.515;-39.072
9.716;-992.428;-62.515;-39.072
9.726;-1.008.057;-54.700;-39.072
9.736;-1.008.057;-70.329;-39.072
9.746;-1.008.057;-78.144;-46.886
9.756;-992.428;-62.515;-39.072
9.765;-992.428;-54.700;-54.700
9.775;-992.428;-54.700;-54.700
9.785;-984.614;-70.329;-70.329
9.794;-984.614;-70.329;-54.700
9.804;-992.428;-70.329;-54.700
9.814;-992.428;-62.515;-31.257
9.824;-992.428;-62.515;-31.257
9.834;-1.000.243;-46.886;-31.257
9.843;-1.008.057;-62.515;-39.072
9.853;-992.428;-54.700;-46.886
9.863;-992.428;-62.515;-46.886
9.872;-992.428;-54.700;-39.072
9.882;-1.000.243;-54.700;-46.886
9.892;-1.000.243;-62.515;-46.886
9.902;-1.000.243;-62.515;-46.886
9.912;-992.428;-62.515;-39.072
9.922;-1.000.243;-70.329;-31.257
9.931;-992.428;-70.329;-31.257
9.941;-1.000.243;-62.515;-46.886
9.951;-1.000.243;-62.515;-54.700
9.961;-992.428;-62.515;-39.072
9.971;-984.614;-70.329;-39.072
9.98;-992.428;-46.886;-46.886
9.99;-992.428;-62.515;-46.886
10.001;-992.428;-70.329;-39.072
10.009;-992.428;-62.515;-39.072
10.019;-992.428;-70.329;-46.886
10.029;-1.000.243;-78.144;-39.072
10.039;-1.000.243;-62.515;-46.886
10.049;-1.000.243;-54.700;-39.072
10.059;-1.000.243;-54.700;-54.700
10.069;-1.000.243;-54.700;-46.886
10.078;-992.428;-62.515;-39.072
10.088;-1.000.243;-70.329;-46.886
10.098;-992.428;-78.144;-39.072
10.108;-992.428;-62.515;-46.886
10.117;-984.614;-78.144;-39.072
10.127;-1.000.243;-62.515;-39.072
10.137;-992.428;-54.700;-39.072
10.147;-984.614;-46.886;-54.700
10.156;-992.428;-54.700;-54.700
10.166;-984.614;-54.700;-39.072
10.176;-992.428;-70.329;-46.886
10.185;-992.428;-62.515;-62.515
10.195;-992.428;-85.958;-46.886
10.205;-992.428;-70.329;-39.072
10.215;-1.000.243;-70.329;-46.886
10.225;-1.008.057;-78.144;-46.886
10.234;-992.428;-62.515;-39.072
10.244;-992.428;-70.329;-39.072
10.254;-1.000.243;-70.329;-39.072
10.264;-992.428;-62.515;-46.886
10.273;-992.428;-62.515;-54.700
10.283;-1.000.243;-54.700;-39.072
10.297;-992.428;-62.515;-62.515
10.313;-1.000.243;-70.329;-39.072
10.322;-992.428;-62.515;-46.886
10.332;-992.428;-62.515;-31.257
10.343;-1.000.243;-62.515;-39.072
10.352;-1.008.057;-54.700;-39.072
10.362;-1.008.057;-62.515;-46.886
10.372;-1.000.243;-62.515;-54.700
10.381;-1.000.243;-70.329;-46.886
10.391;-961.171;-62.515;-23.443
10.401;-992.428;-62.515;-46.886
10.41;-992.428;-70.329;-39.072
10.42;-992.428;-62.515;-46.886
10.43;-992.428;-70.329;-39.072
10.44;-992.428;-46.886;-46.886
10.45;-1.000.243;-54.700;-54.700
10.459;-1.000.243;-54.700;-62.515
10.469;-1.000.243;-70.329;-39.072
10.479;-1.000.243;-62.515;-39.072
10.489;-1.000.243;-70.329;-39.072
10.499;-1.000.243;-70.329;-46.886
10.509;-992.428;-70.329;-31.257
10.519;-1.008.057;-78.144;-62.515
10.529;-1.000.243;-54.700;-39.072
10.538;-984.614;-54.700;-46.886
10.548;-992.428;-62.515;-46.886
10.558;-1.000.243;-62.515;-39.072
10.567;-984.614;-54.700;-46.886
10.577;-1.008.057;-62.515;-31.257
10.587;-1.000.243;-62.515;-46.886
10.597;-1.000.243;-78.144;-31.257
10.607;-992.428;-70.329;-39.072
10.617;-984.614;-70.329;-54.700
10.626;-984.614;-78.144;-46.886
10.636;-992.428;-70.329;-31.257
10.646;-1.000.243;-62.515;-46.886
10.656;-992.428;-46.886;-31.257
10.665;-992.428;-46.886;-31.257
10.676;-992.428;-54.700;-39.072
10.685;-992.428;-46.886;-46.886
10.694;-992.428;-54.700;-46.886
10.704;-1.000.243;-62.515;-46.886
10.714;-992.428;-54.700;-54.700
10.724;-992.428;-62.515;-23.443
10.734;-1.000.243;-70.329;-31.257
10.743;-984.614;-62.515;-39.072
10.753;-992.428;-62.515;-46.886
10.763;-992.428;-54.700;-39.072
10.772;-992.428;-54.700;-39.072
10.782;-992.428;-70.329;-39.072
10.792;-992.428;-46.886;-46.886
10.802;-1.000.243;-54.700;-46.886
10.812;-1.000.243;-62.515;-31.257
10.822;-1.000.243;-46.886;-54.700
10.831;-984.614;-54.700;-31.257
10.841;-1.000.243;-62.515;-31.257
10.851;-984.614;-70.329;-39.072
10.861;-1.000.243;-62.515;-46.886
10.87;-992.428;-70.329;-54.700
10.88;-984.614;-62.515;-39.072
10.89;-992.428;-78.144;-39.072
10.899;-984.614;-62.515;-31.257
10.909;-1.008.057;-46.886;-31.257
10.919;-1.000.243;-54.700;-46.886
10.929;-992.428;-62.515;-39.072
10.939;-1.000.243;-70.329;-39.072
10.949;-984.614;-62.515;-31.257
10.958;-992.428;-70.329;-39.072
10.968;-1.000.243;-54.700;-46.886
10.978;-992.428;-54.700;-46.886
10.988;-992.428;-62.515;-46.886
10.998;-1.008.057;-54.700;-54.700
11.007;-992.428;-54.700;-39.072
11.017;-1.000.243;-46.886;-46.886
11.027;-992.428;-54.700;-39.072
11.036;-992.428;-54.700;-31.257
11.046;-992.428;-62.515;-39.072
11.056;-992.428;-62.515;-46.886
11.066;-984.614;-54.700;-39.072
11.075;-992.428;-46.886;-31.257
11.085;-1.000.243;-54.700;-46.886
11.095;-984.614;-46.886;-39.072
11.105;-1.000.243;-62.515;-39.072
11.114;-992.428;-62.515;-39.072
11.124;-992.428;-54.700;-31.257
11.134;-992.428;-54.700;-23.443
11.144;-1.000.243;-54.700;-54.700
11.153;-984.614;-70.329;-39.072
11.163;-992.428;-62.515;-46.886
11.173;-1.000.243;-54.700;-46.886
11.183;-1.008.057;-54.700;-39.072
11.193;-1.008.057;-62.515;-39.072
11.203;-992.428;-46.886;-31.257
11.212;-1.008.057;-54.700;-23.443
11.222;-1.000.243;-54.700;-39.072
11.232;-992.428;-54.700;-31.257
11.242;-984.614;-62.515;-31.257
11.251;-992.428;-54.700;-46.886
11.261;-992.428;-54.700;-39.072
11.271;-992.428;-46.886;-39.072
11.281;-1.000.243;-39.072;-54.700
11.29;-992.428;-62.515;-54.700
11.3;-1.000.243;-62.515;-39.072
11.31;-1.000.243;-46.886;-39.072
11.32;-1.008.057;-39.072;-31.257
11.33;-1.000.243;-62.515;-39.072
11.34;-1.000.243;-54.700;-39.072
11.35;-992.428;-54.700;-31.257
11.36;-1.000.243;-54.700;-46.886
11.369;-1.000.243;-62.515;-46.886
11.379;-1.000.243;-62.515;-39.072
11.389;-984.614;-54.700;-23.443
11.399;-984.614;-54.700;-31.257
11.408;-992.428;-46.886;-46.886
11.418;-984.614;-46.886;-46.886
11.428;-992.428;-54.700;-46.886
11.438;-1.008.057;-54.700;-39.072
11.448;-1.000.243;-54.700;-39.072
11.458;-1.008.057;-62.515;-39.072
11.467;-992.428;-70.329;-31.257
11.477;-984.614;-54.700;-31.257
11.487;-992.428;-62.515;-15.628
11.497;-1.000.243;-62.515;-39.072
11.506;-1.000.243;-39.072;-62.515
11.516;-992.428;-54.700;-46.886
11.526;-1.000.243;-46.886;-39.072
11.536;-992.428;-39.072;-39.072
11.546;-1.000.243;-54.700;-46.886
11.556;-1.000.243;-54.700;-31.257
11.565;-1.000.243;-46.886;-31.257
11.575;-1.000.243;-39.072;-23.443
11.585;-1.008.057;-46.886;-31.257
11.595;-1.000.243;-62.515;-31.257
11.605;-1.000.243;-54.700;-54.700
11.615;-992.428;-62.515;-31.257
11.624;-992.428;-46.886;-39.072
11.634;-992.428;-46.886;-62.515
11.644;-1.000.243;-54.700;-31.257
11.654;-1.000.243;-46.886;-31.257
11.664;-1.000.243;-62.515;-39.072
11.674;-1.000.243;-54.700;-23.443
11.683;-992.428;-46.886;-39.072
11.693;-1.000.243;-62.515;-31.257
11.703;-1.000.243;-46.886;-31.257
11.713;-992.428;-46.886;-39.072
11.723;-984.614;-46.886;-39.072
11.733;-1.008.057;-54.700;-39.072
11.742;-1.008.057;-54.700;-31.257
11.752;-1.000.243;-39.072;-39.072
11.762;-1.000.243;-54.700;-39.072
11.772;-992.428;-54.700;-23.443
11.782;-1.008.057;-54.700;-23.443
11.791;-984.614;-46.886;-31.257
11.801;-984.614;-54.700;-31.257
11.811;-992.428;-54.700;-39.072
11.821;-992.428;-46.886;-39.072
11.83;-984.614;-46.886;-39.072
11.84;-992.428;-46.886;-39.072
11.85;-992.428;-46.886;-39.072
11.86;-1.000.243;-54.700;-39.072
11.87;-1.000.243;-46.886;-31.257
11.88;-1.000.243;-46.886;-31.257
11.889;-992.428;-46.886;-46.886
11.899;-992.428;-54.700;-23.443
11.908;-992.428;-62.515;-31.257
11.918;-992.428;-54.700;-31.257
11.928;-992.428;-54.700;-23.443
11.938;-992.428;-46.886;-39.072
11.947;-992.428;-54.700;-39.072
11.957;-1.000.243;-62.515;-23.443
11.967;-992.428;-54.700;-39.072
11.977;-992.428;-54.700;-39.072
11.987;-1.000.243;-46.886;-39.072
11.996;-1.008.057;-39.072;-23.443
12.006;-992.428;-39.072;-31.257
12.016;-992.428;-46.886;-39.072
12.025;-984.614;-54.700;-39.072
12.035;-992.428;-39.072;-39.072
12.045;-1.000.243;-62.515;-46.886
12.055;-1.000.243;-46.886;-39.072
12.065;-1.008.057;-54.700;-39.072
12.075;-984.614;-54.700;-31.257
12.084;-984.614;-46.886;-23.443
12.094;-992.428;-54.700;-23.443
12.104;-1.000.243;-46.886;-31.257
12.114;-1.000.243;-46.886;-31.257
12.123;-992.428;-39.072;-31.257
12.133;-992.428;-62.515;-31.257
12.143;-1.000.243;-54.700;-39.072
12.153;-1.000.243;-46.886;-31.257
12.163;-1.000.243;-39.072;-31.257
12.173;-984.614;-46.886;-31.257
12.183;-1.000.243;-39.072;-23.443
12.192;-992.428;-46.886;-7.814
12.202;-992.428;-39.072;-15.628
12.211;-992.428;-54.700;-31.257
12.221;-992.428;-54.700;-31.257
12.231;-984.614;-54.700;-39.072
12.24;-984.614;-46.886;-39.072
12.25;-976.800;-46.886;-39.072
12.26;-992.428;-46.886;-39.072
12.269;-992.428;-39.072;-23.443
12.279;-1.000.243;-46.886;-31.257
12.289;-1.023.686;-46.886;0.000
12.299;-1.023.686;-46.886;-39.072
12.308;-992.428;-62.515;-7.814
12.318;-1.000.243;-54.700;-23.443
12.328;-992.428;-62.515;-23.443
12.337;-984.614;-54.700;-31.257
12.347;-992.428;-54.700;-39.072
12.357;-1.000.243;-46.886;-39.072
12.367;-1.000.243;-39.072;-23.443
12.377;-1.000.243;-39.072;-31.257
12.387;-1.008.057;-54.700;-39.072
12.396;-992.428;-54.700;-46.886
12.406;-992.428;-39.072;-23.443
12.416;-992.428;-31.257;-31.257
12.426;-1.000.243;-46.886;-39.072
12.435;-992.428;-46.886;-39.072
12.445;-992.428;-46.886;-31.257
12.455;-1.000.243;-46.886;-31.257
12.465;-1.000.243;-46.886;-31.257
12.475;-984.614;-62.515;-31.257
12.484;-984.614;-46.886;-39.072
12.494;-976.800;-54.700;-39.072
12.504;-992.428;-46.886;-31.257
12.513;-992.428;-46.886;-31.257
12.523;-1.008.057;-46.886;-46.886
12.533;-1.008.057;-46.886;-23.443
12.543;-1.008.057;-39.072;-31.257
12.553;-992.428;-54.700;-39.072
12.562;-976.800;-54.700;-39.072
12.572;-992.428;-54.700;-39.072
12.582;-992.428;-54.700;-31.257
12.592;-992.428;-62.515;-31.257
12.601;-992.428;-54.700;-31.257
12.611;-1.000.243;-54.700;-31.257
12.621;-984.614;-54.700;-7.814
12.63;-1.000.243;-46.886;-31.257
12.64;-1.000.243;-31.257;-46.886
12.65;-984.614;-46.886;-31.257
12.66;-984.614;-46.886;-23.443
12.669;-992.428;-46.886;-39.072
12.679;-984.614;-54.700;-31.257
12.689;-1.000.243;-54.700;-15.628
12.699;-992.428;-62.515;-31.257
12.708;-992.428;-54.700;-23.443
12.718;-1.000.243;-54.700;-39.072
12.728;-1.000.243;-54.700;-39.072
12.738;-992.428;-54.700;-31.257
12.748;-992.428;-46.886;-39.072
12.757;-992.428;-46.886;-31.257
12.767;-1.000.243;-46.886;-31.257
12.777;-1.000.243;-54.700;-23.443
12.787;-1.015.872;-54.700;-39.072
12.797;-992.428;-39.072;-31.257
12.806;-992.428;-39.072;-23.443
12.816;-992.428;-54.700;-46.886
12.826;-992.428;-46.886;-46.886
12.836;-1.008.057;-46.886;-39.072
12.846;-1.008.057;-54.700;-31.257
12.856;-1.000.243;-46.886;-23.443
12.865;-1.000.243;-46.886;-31.257
12.875;-992.428;-62.515;-31.257
12.885;-1.000.243;-54.700;-39.072
12.895;-984.614;-62.515;-31.257
12.904;-984.614;-39.072;-39.072
12.914;-992.428;-31.257;-46.886
12.924;-992.428;-39.072;-31.257
12.934;-1.000.243;-39.072;-31.257
12.944;-1.000.243;-46.886;-31.257
12.954;-1.000.243;-39.072;-31.257
12.963;-1.008.057;-39.072;-39.072
12.973;-1.000.243;-46.886;-31.257
12.983;-1.000.243;-46.886;-31.257
12.993;-1.000.243;-54.700;-39.072
13.003;-1.000.243;-46.886;-31.257
13.013;-1.000.243;-46.886;-39.072
13.023;-1.000.243;-46.886;-31.257
13.033;-1.000.243;-46.886;-23.443
13.043;-1.000.243;-54.700;-46.886
13.053;-1.008.057;-39.072;-39.072
13.062;-1.000.243;-46.886;-39.072
13.072;-1.000.243;-46.886;-31.257
13.082;-1.000.243;-39.072;-39.072
13.092;-1.000.243;-39.072;-31.257
13.102;-992.428;-46.886;-23.443
13.112;-1.008.057;-46.886;-31.257
13.121;-992.428;-39.072;-31.257
13.131;-1.000.243;-46.886;-39.072
13.141;-992.428;-54.700;-46.886
13.151;-992.428;-54.700;-23.443
13.161;-1.000.243;-39.072;-39.072
13.171;-1.000.243;-46.886;-23.443
13.18;-1.008.057;-54.700;-39.072
13.19;-992.428;-39.072;-39.072
13.2;-1.000.243;-39.072;-31.257
13.21;-992.428;-46.886;-39.072
13.219;-992.428;-54.700;-31.257
13.229;-984.614;-62.515;-39.072
13.239;-992.428;-46.886;-39.072
13.248;-992.428;-54.700;-31.257
13.258;-992.428;-46.886;-39.072
13.268;-1.008.057;-39.072;-23.443
13.278;-1.015.872;-23.443;-15.628
13.288;-1.008.057;-31.257;-31.257
13.298;-992.428;-46.886;-31.257
13.307;-992.428;-31.257;-23.443
13.317;-992.428;-31.257;-23.443
13.327;-992.428;-46.886;-39.072
13.336;-992.428;-46.886;-31.257
13.346;-992.428;-39.072;-23.443
13.356;-992.428;-54.700;-23.443
13.365;-984.614;-54.700;-23.443
13.375;-1.000.243;-39.072;-15.628
13.385;-1.000.243;-39.072;-15.628
13.395;-1.000.243;-39.072;-31.257
13.405;-992.428;-39.072;-31.257
13.415;-1.000.243;-39.072;-31.257
13.425;-1.000.243;-39.072;-31.257
13.434;-992.428;-54.700;-39.072
13.444;-992.428;-39.072;-31.257
13.454;-992.428;-31.257;-7.814
13.463;-992.428;-39.072;-23.443
13.473;-1.008.057;-39.072;-23.443
13.483;-1.008.057;-39.072;-23.443
13.493;-1.008.057;-46.886;-23.443
13.503;-1.000.243;-54.700;-15.628
13.513;-1.008.057;-78.144;-23.443
13.522;-984.614;-54.700;-31.257
13.532;-992.428;-46.886;-31.257
13.542;-1.000.243;-46.886;-31.257
13.552;-1.008.057;-46.886;-31.257
13.562;-1.000.243;-39.072;-15.628
13.572;-1.000.243;-23.443;-23.443
13.582;-1.000.243;-46.886;-23.443
13.592;-1.000.243;-46.886;-15.628
13.601;-992.428;-39.072;-23.443
13.611;-992.428;-46.886;-39.072
13.621;-992.428;-23.443;-31.257
13.631;-1.000.243;-39.072;-39.072
13.64;-1.000.243;-39.072;-23.443
13.65;-1.000.243;-31.257;-23.443
13.66;-992.428;-23.443;-31.257
13.67;-984.614;-31.257;-23.443
13.679;-992.428;-46.886;-31.257
13.689;-992.428;-46.886;-39.072
13.699;-992.428;-46.886;-31.257
13.708;-992.428;-46.886;-23.443
13.718;-1.000.243;-39.072;-31.257
13.728;-1.000.243;-46.886;-23.443
13.738;-1.008.057;-39.072;-31.257
13.748;-1.000.243;-39.072;-23.443
13.758;-1.000.243;-31.257;-23.443
13.768;-1.000.243;-39.072;-31.257
13.778;-1.000.243;-31.257;-31.257
13.788;-1.000.243;-39.072;-23.443
13.797;-992.428;-39.072;-23.443
13.807;-992.428;-31.257;-23.443
13.817;-992.428;-39.072;-23.443
13.826;-992.428;-31.257;-23.443
13.836;-1.000.243;-31.257;-23.443
13.846;-1.000.243;-39.072;-15.628
13.856;-1.000.243;-54.700;-31.257
13.866;-984.614;-46.886;-39.072
13.876;-1.000.243;-31.257;-31.257
13.886;-1.008.057;-23.443;-23.443
13.895;-992.428;-15.628;-23.443
13.905;-1.008.057;-31.257;-23.443
13.915;-1.008.057;-39.072;-31.257
13.925;-1.000.243;-39.072;-7.814
13.935;-992.428;-46.886;-39.072
13.944;-992.428;-39.072;-23.443
13.954;-992.428;-39.072;-23.443
13.964;-1.000.243;-39.072;-23.443
13.974;-992.428;-46.886;-31.257
13.983;-984.614;-39.072;-31.257
13.993;-992.428;-39.072;-31.257
14.003;-992.428;-39.072;-15.628
14.013;-1.000.243;-39.072;-23.443
14.022;-992.428;-39.072;-15.628
14.032;-1.000.243;-31.257;-23.443
14.042;-1.000.243;-31.257;-23.443
14.052;-1.008.057;-39.072;-15.628
14.062;-1.000.243;-39.072;-46.886
14.072;-992.428;-46.886;-23.443
14.081;-992.428;-31.257;-23.443
14.091;-992.428;-46.886;-31.257
14.101;-1.000.243;-54.700;-23.443
14.111;-992.428;-46.886;-23.443
14.12;-984.614;-46.886;-31.257
14.13;-1.000.243;-46.886;-31.257
14.14;-992.428;-23.443;-23.443
14.15;-1.000.243;-31.257;-31.257
14.159;-992.428;-31.257;-31.257
14.169;-992.428;-23.443;-15.628
14.179;-1.000.243;-39.072;-31.257
14.189;-992.428;-23.443;-23.443
14.198;-992.428;-46.886;-31.257
14.208;-1.008.057;-46.886;-31.257
14.218;-992.428;-46.886;-31.257
14.228;-1.000.243;-31.257;-31.257
14.238;-1.000.243;-39.072;-23.443
14.248;-1.000.243;-31.257;-23.443
14.258;-1.008.057;-31.257;-23.443
14.268;-1.008.057;-31.257;-15.628
14.277;-1.000.243;-31.257;-15.628
14.287;-992.428;-46.886;-46.886
14.297;-984.614;-39.072;-23.443
14.307;-984.614;-39.072;-15.628
14.316;-992.428;-39.072;-23.443
14.326;-992.428;-46.886;-15.628
14.336;-1.000.243;-39.072;-31.257
14.346;-1.000.243;-46.886;-31.257
14.355;-992.428;-39.072;-23.443
14.365;-1.000.243;-39.072;-23.443
14.375;-1.000.243;-39.072;-23.443
14.385;-992.428;-39.072;-15.628
14.395;-992.428;-15.628;-23.443
14.404;-984.614;-39.072;-31.257
14.414;-992.428;-46.886;-23.443
14.424;-1.000.243;-39.072;-23.443
14.434;-992.428;-31.257;-31.257
14.444;-1.000.243;-39.072;-39.072
14.453;-1.000.243;-39.072;-46.886
14.463;-1.000.243;-23.443;-31.257
14.473;-992.428;-39.072;-31.257
14.483;-992.428;-46.886;-31.257
14.492;-992.428;-46.886;-31.257
14.502;-1.015.872;-62.515;-39.072
14.512;-1.000.243;-54.700;-23.443
14.522;-1.000.243;-39.072;-23.443
14.532;-992.428;-46.886;-15.628
14.541;-992.428;-46.886;-15.628
14.551;-1.000.243;-39.072;-31.257
14.561;-992.428;-39.072;-31.257
14.571;-992.428;-46.886;-23.443
14.58;-984.614;-46.886;-39.072
14.59;-992.428;-46.886;-31.257
14.6;-984.614;-31.257;-23.443
14.61;-992.428;-39.072;-23.443
14.619;-992.428;-46.886;-31.257
14.629;-1.008.057;-54.700;-31.257
14.639;-1.008.057;-31.257;-23.443
14.649;-1.008.057;-46.886;-15.628
14.659;-992.428;-31.257;-31.257
14.668;-992.428;-46.886;-23.443
14.678;-992.428;-39.072;-39.072
14.688;-992.428;-46.886;-31.257
14.698;-984.614;-39.072;-39.072
14.707;-992.428;-31.257;-31.257
14.717;-984.614;-46.886;-23.443
14.727;-992.428;-39.072;-31.257
14.736;-992.428;-54.700;-23.443
14.746;-992.428;-54.700;-39.072
14.756;-984.614;-46.886;-39.072
14.766;-1.008.057;-46.886;-39.072
14.776;-1.008.057;-39.072;-31.257
14.785;-1.000.243;-46.886;-39.072
14.795;-992.428;-39.072;-31.257
14.805;-1.000.243;-39.072;-23.443
14.815;-992.428;-46.886;-31.257
14.824;-992.428;-23.443;-31.257
14.834;-992.428;-31.257;-15.628
14.844;-992.428;-39.072;-23.443
14.854;-1.008.057;-46.886;-31.257
14.864;-1.000.243;-54.700;-31.257
14.874;-1.000.243;-46.886;-23.443
14.883;-992.428;-46.886;-39.072
14.893;-1.000.243;-31.257;-31.257
14.903;-992.428;-39.072;-46.886
14.913;-1.000.243;-39.072;-31.257
14.923;-1.000.243;-31.257;-31.257
14.933;-1.008.057;-31.257;-31.257
14.942;-1.000.243;-39.072;-31.257
14.952;-976.800;-62.515;-23.443
14.962;-1.000.243;-46.886;-31.257
14.972;-992.428;-46.886;-39.072
14.981;-992.428;-54.700;-39.072
14.991;-992.428;-54.700;-7.814
15.0;-992.428;-46.886;-31.257
15.01;-992.428;-54.700;-31.257
15.02;-1.000.243;-39.072;-39.072
15.03;-1.000.243;-54.700;-31.257
15.04;-992.428;-23.443;-31.257
15.05;-1.000.243;-31.257;-23.443
15.06;-1.000.243;-31.257;-39.072
15.069;-1.000.243;-31.257;-31.257
15.079;-1.000.243;-31.257;-31.257
15.089;-1.000.243;-46.886;-31.257
15.099;-1.000.243;-62.515;-31.257
15.109;-992.428;-46.886;-31.257
15.118;-984.614;-54.700;-31.257
15.128;-1.000.243;-39.072;-31.257
15.138;-1.000.243;-31.257;-39.072
15.148;-992.428;-39.072;-39.072
15.158;-992.428;-46.886;-31.257
15.167;-992.428;-54.700;-31.257
15.177;-984.614;-46.886;-31.257
15.187;-992.428;-39.072;-31.257
15.197;-1.000.243;-62.515;-31.257
15.206;-992.428;-54.700;-15.628
15.216;-1.000.243;-62.515;-31.257
15.226;-984.614;-46.886;-31.257
15.236;-1.000.243;-62.515;-31.257
15.246;-992.428;-54.700;-46.886
15.256;-1.000.243;-54.700;-31.257
15.265;-992.428;-46.886;-23.443
15.275;-1.008.057;-39.072;-31.257
15.285;-992.428;-23.443;-23.443
15.294;-992.428;-39.072;-31.257
15.304;-984.614;-54.700;-23.443
15.314;-992.428;-54.700;-23.443
15.324;-992.428;-54.700;-23.443
15.333;-992.428;-39.072;-31.257
15.343;-984.614;-39.072;-31.257
15.353;-992.428;-31.257;-31.257
15.363;-1.008.057;-31.257;-31.257
15.372;-1.000.243;-46.886;-46.886
15.382;-1.015.872;-46.886;-39.072
15.392;-1.000.243;-31.257;-39.072
15.402;-1.008.057;-39.072;-15.628
15.412;-992.428;-39.072;-31.257
15.422;-1.000.243;-70.329;-31.257
15.432;-1.000.243;-62.515;-23.443
15.441;-992.428;-62.515;-23.443
15.451;-992.428;-54.700;-31.257
15.461;-1.008.057;-46.886;-46.886
15.471;-1.000.243;-39.072;-23.443
15.481;-976.800;-46.886;-31.257
15.49;-1.000.243;-54.700;-23.443
15.5;-992.428;-46.886;-23.443
15.51;-992.428;-39.072;-31.257
15.52;-1.000.243;-39.072;-31.257
15.53;-1.008.057;-54.700;-39.072
15.54;-1.000.243;-46.886;-31.257
15.549;-992.428;-54.700;-23.443
15.559;-1.000.243;-46.886;-23.443
15.569;-992.428;-46.886;-31.257
15.579;-992.428;-31.257;-31.257
15.588;-1.000.243;-39.072;-23.443
15.598;-1.000.243;-46.886;-31.257
15.608;-1.000.243;-39.072;-31.257
15.618;-984.614;-54.700;-39.072
15.628;-984.614;-54.700;-39.072
15.637;-992.428;-39.072;-39.072
15.647;-992.428;-46.886;-31.257
15.657;-992.428;-46.886;-23.443
15.667;-1.008.057;-54.700;-23.443
15.677;-1.000.243;-54.700;-23.443
15.686;-992.428;-62.515;-15.628
15.696;-1.000.243;-54.700;-31.257
15.706;-992.428;-54.700;-31.257
15.716;-992.428;-39.072;-23.443
15.725;-992.428;-54.700;-31.257
15.735;-1.000.243;-54.700;-31.257
15.745;-1.008.057;-39.072;-39.072
15.755;-1.000.243;-46.886;-39.072
15.765;-1.000.243;-46.886;-39.072
15.775;-992.428;-54.700;-31.257
15.784;-992.428;-46.886;-23.443
15.794;-992.428;-54.700;-23.443
15.804;-1.000.243;-46.886;-15.628
15.814;-1.000.243;-54.700;-39.072
15.824;-1.008.057;-62.515;-23.443
15.833;-992.428;-46.886;-39.072
15.843;-992.428;-54.700;-46.886
15.853;-992.428;-54.700;-31.257
15.863;-1.000.243;-46.886;-39.072
15.873;-1.000.243;-46.886;-15.628
15.882;-992.428;-54.700;-23.443
15.892;-992.428;-46.886;-23.443
15.902;-1.000.243;-46.886;-23.443
15.912;-1.000.243;-39.072;-31.257
15.922;-1.000.243;-39.072;-23.443
15.932;-1.000.243;-23.443;-23.443
15.941;-1.000.243;-39.072;-15.628
15.951;-992.428;-39.072;-31.257
15.961;-992.428;-31.257;-31.257
15.97;-992.428;-54.700;-23.443
15.98;-1.008.057;-54.700;-31.257
15.99;-1.008.057;-46.886;-23.443
16.0;-992.428;-54.700;-31.257
16.01;-984.614;-54.700;-39.072
16.019;-992.428;-46.886;-31.257
16.029;-1.000.243;-39.072;-31.257
16.039;-992.428;-46.886;-39.072
16.049;-992.428;-46.886;-23.443
16.059;-1.000.243;-46.886;-23.443
16.069;-1.000.243;-54.700;-23.443
16.078;-984.614;-46.886;-31.257
16.088;-992.428;-46.886;-31.257
16.098;-992.428;-70.329;-31.257
16.108;-1.000.243;-39.072;-15.628
16.117;-1.000.243;-54.700;-31.257
16.127;-1.008.057;-39.072;-31.257
16.137;-1.008.057;-39.072;-23.443
16.147;-992.428;-39.072;-23.443
16.157;-992.428;-39.072;-31.257
16.166;-992.428;-46.886;-54.700
16.176;-992.428;-46.886;-23.443
16.186;-1.000.243;-46.886;-15.628
16.196;-1.000.243;-46.886;-31.257
16.206;-1.000.243;-39.072;-23.443
16.216;-1.000.243;-31.257;-31.257
16.225;-992.428;-46.886;-15.628
16.235;-1.000.243;-39.072;-15.628
16.245;-1.000.243;-46.886;-15.628
16.255;-984.614;-46.886;-31.257
16.264;-984.614;-39.072;-31.257
16.274;-984.614;-39.072;-31.257
16.284;-992.428;-46.886;-39.072
16.294;-992.428;-39.072;-31.257
16.304;-1.008.057;-39.072;-23.443
16.313;-992.428;-39.072;-7.814
16.323;-1.000.243;-46.886;-23.443
16.332;-992.428;-46.886;-31.257
16.342;-992.428;-39.072;-15.628
16.352;-1.000.243;-46.886;-39.072
16.362;-992.428;-54.700;-39.072
16.372;-1.000.243;-46.886;-39.072
16.382;-1.000.243;-39.072;-31.257
16.391;-992.428;-46.886;-31.257
16.401;-1.000.243;-46.886;-31.257
16.411;-992.428;-39.072;-23.443
16.421;-1.008.057;-39.072;-23.443
16.43;-992.428;-39.072;-31.257
16.44;-1.000.243;-54.700;-39.072
16.45;-992.428;-46.886;-23.443
16.46;-992.428;-46.886;-31.257
16.469;-984.614;-46.886;-23.443
16.479;-1.008.057;-46.886;-39.072
16.489;-1.000.243;-39.072;-31.257
16.499;-1.000.243;-23.443;-39.072
16.509;-1.000.243;-39.072;-23.443
16.519;-992.428;-46.886;-39.072
16.529;-1.008.057;-31.257;-39.072
16.539;-1.000.243;-46.886;-31.257
16.549;-1.000.243;-54.700;-31.257
16.558;-992.428;-31.257;-39.072
16.568;-984.614;-39.072;-31.257
16.578;-992.428;-39.072;-31.257
16.587;-992.428;-46.886;-23.443
16.597;-984.614;-31.257;-31.257
16.607;-984.614;-31.257;-23.443
16.616;-984.614;-31.257;-23.443
16.626;-1.008.057;-39.072;-31.257
16.636;-1.000.243;-39.072;-31.257
16.646;-1.000.243;-46.886;-31.257
16.656;-1.000.243;-39.072;-31.257
16.666;-1.008.057;-39.072;-31.257
16.676;-992.428;-39.072;-31.257
16.685;-1.008.057;-39.072;-23.443
16.695;-992.428;-46.886;-31.257
16.705;-992.428;-46.886;-15.628
16.715;-1.000.243;-46.886;-23.443
16.725;-1.000.243;-39.072;-31.257
16.734;-992.428;-31.257;-7.814
16.744;-1.000.243;-23.443;-23.443
16.754;-992.428;-39.072;-39.072
16.763;-992.428;-31.257;-39.072
16.773;-1.000.243;-39.072;-31.257
16.783;-1.000.243;-39.072;-15.628
16.793;-992.428;-46.886;-23.443
16.803;-992.428;-39.072;-23.443
16.812;-984.614;-39.072;-31.257
16.822;-1.000.243;-39.072;-23.443
16.832;-992.428;-39.072;-46.886
16.842;-992.428;-46.886;-31.257
16.851;-992.428;-46.886;-31.257
16.861;-992.428;-54.700;-31.257
16.871;-992.428;-46.886;-23.443
16.88;-992.428;-39.072;-23.443
16.89;-1.000.243;-39.072;-39.072
16.9;-1.000.243;-46.886;-39.072
16.91;-992.428;-31.257;-39.072
16.92;-984.614;-31.257;-23.443
16.929;-984.614;-46.886;-31.257
16.939;-1.000.243;-46.886;-39.072
16.949;-1.000.243;-46.886;-39.072
16.959;-992.428;-54.700;-39.072
16.969;-1.000.243;-54.700;-31.257
16.979;-1.015.872;-54.700;-15.628
16.988;-1.008.057;-39.072;-31.257
16.998;-1.000.243;-46.886;-39.072
17.008;-1.000.243;-39.072;-31.257
17.018;-1.000.243;-39.072;-39.072
17.028;-992.428;-46.886;-31.257
17.038;-1.000.243;-39.072;-31.257
17.048;-1.000.243;-39.072;-31.257
17.057;-976.800;-54.700;-31.257
17.067;-992.428;-31.257;-31.257
17.077;-992.428;-39.072;-39.072
17.087;-1.000.243;-31.257;-31.257
17.096;-992.428;-31.257;-39.072
17.106;-1.008.057;-31.257;-31.257
17.116;-1.000.243;-39.072;-31.257
17.126;-1.000.243;-39.072;-39.072
17.136;-1.000.243;-62.515;-23.443
17.146;-984.614;-62.515;-15.628
17.155;-984.614;-46.886;-15.628
17.165;-1.008.057;-46.886;-15.628
17.175;-992.428;-62.515;-23.443
17.185;-1.000.243;-31.257;-31.257
17.195;-992.428;-46.886;-46.886
17.204;-1.000.243;-39.072;-39.072
17.214;-992.428;-23.443;-39.072
17.224;-1.000.243;-15.628;-31.257
17.234;-992.428;-46.886;-39.072
17.243;-992.428;-31.257;-31.257
17.253;-992.428;-54.700;-23.443
17.263;-1.000.243;-54.700;-31.257
17.273;-1.008.057;-46.886;-23.443
17.283;-1.008.057;-46.886;-23.443
17.292;-984.614;-46.886;-46.886
17.302;-984.614;-46.886;-23.443
17.312;-992.428;-46.886;-31.257
17.322;-984.614;-54.700;-31.257
17.331;-992.428;-31.257;-31.257
17.341;-992.428;-39.072;-15.628
17.351;-984.614;-39.072;-31.257
17.361;-1.000.243;-46.886;-31.257
17.37;-984.614;-39.072;-31.257
17.38;-992.428;-39.072;-39.072
17.39;-1.015.872;-31.257;-39.072
17.4;-1.000.243;-46.886;-39.072
17.41;-1.000.243;-46.886;-31.257
17.419;-992.428;-31.257;-23.443
17.429;-1.000.243;-46.886;-31.257
17.439;-992.428;-54.700;-31.257
17.449;-1.000.243;-54.700;-15.628
17.459;-1.000.243;-46.886;-23.443
17.469;-1.000.243;-31.257;-23.443
17.479;-1.000.243;-23.443;-31.257
17.489;-1.008.057;-39.072;-54.700
17.498;-992.428;-46.886;-31.257
17.508;-992.428;-46.886;-15.628
17.518;-992.428;-46.886;-23.443
17.528;-1.000.243;-46.886;-31.257
17.537;-992.428;-54.700;-23.443
17.547;-1.000.243;-39.072;-23.443
17.557;-992.428;-46.886;-31.257
17.567;-1.000.243;-46.886;-31.257
17.576;-984.614;-39.072;-31.257
17.586;-1.008.057;-46.886;-23.443
17.596;-1.000.243;-31.257;-31.257
17.606;-1.000.243;-31.257;-23.443
17.616;-1.008.057;-46.886;7.814
17.625;-992.428;-39.072;-31.257
17.635;-992.428;-39.072;-23.443
17.645;-1.000.243;-46.886;-39.072
17.654;-992.428;-46.886;-39.072
17.664;-992.428;-46.886;-31.257
17.674;-992.428;-46.886;-31.257
17.684;-992.428;-46.886;-31.257
17.693;-992.428;-39.072;-31.257
17.703;-992.428;-39.072;-23.443
17.713;-992.428;-46.886;-31.257
17.723;-984.614;-23.443;-31.257
17.732;-1.000.243;-23.443;-39.072
17.742;-992.428;-39.072;-31.257
17.752;-1.000.243;-31.257;-39.072
17.762;-1.000.243;-31.257;-31.257
17.772;-1.000.243;-62.515;-31.257
17.781;-984.614;-54.700;-31.257
17.792;-992.428;-54.700;-15.628
17.801;-992.428;-54.700;-23.443
17.811;-1.000.243;-54.700;-23.443
17.82;-984.614;-62.515;-31.257
17.83;-992.428;-31.257;-23.443
17.84;-992.428;-31.257;-31.257
17.85;-1.008.057;-31.257;-46.886
17.86;-1.015.872;-23.443;-39.072
17.869;-992.428;-31.257;-46.886
17.879;-1.008.057;-31.257;-23.443
17.889;-992.428;-31.257;-23.443
17.899;-984.614;-46.886;-23.443
17.908;-992.428;-39.072;-7.814
17.918;-992.428;-46.886;-31.257
17.928;-1.000.243;-46.886;-15.628
17.938;-1.000.243;-54.700;-31.257
17.947;-1.008.057;-46.886;-23.443
17.957;-1.000.243;-46.886;-31.257
17.967;-1.000.243;-39.072;-39.072
17.977;-992.428;-46.886;-39.072
17.987;-1.000.243;-39.072;-31.257
17.997;-1.000.243;-54.700;-39.072
18.007;-1.008.057;-46.886;-31.257
18.016;-992.428;-39.072;-31.257
18.026;-992.428;-39.072;-31.257
18.036;-992.428;-46.886;-15.628
18.045;-1.008.057;-46.886;-7.814
18.055;-1.000.243;-46.886;-31.257
18.065;-984.614;-46.886;-23.443
18.075;-992.428;-46.886;-31.257
18.085;-1.000.243;-46.886;-39.072
18.094;-992.428;-46.886;-39.072
18.104;-992.428;-39.072;-23.443
18.114;-1.008.057;-31.257;-15.628
18.124;-1.000.243;-31.257;-31.257
18.134;-1.000.243;-39.072;-31.257
18.143;-992.428;-39.072;-23.443
18.153;-992.428;-39.072;-31.257
18.163;-984.614;-39.072;-31.257
18.172;-984.614;-39.072;-39.072
18.182;-992.428;-39.072;-39.072
18.192;-1.000.243;-54.700;-23.443
18.202;-1.000.243;-31.257;-31.257
18.212;-992.428;-46.886;-31.257
18.221;-992.428;-39.072;-31.257
18.231;-1.000.243;-39.072;-23.443
18.241;-1.000.243;-39.072;-23.443
18.251;-992.428;-46.886;-23.443
18.261;-992.428;-39.072;-23.443
18.27;-992.428;-46.886;-31.257
18.28;-992.428;-39.072;-23.443
18.29;-1.008.057;-46.886;-39.072
18.3;-1.000.243;-31.257;-31.257
18.31;-1.000.243;-39.072;-31.257
18.32;-1.000.243;-39.072;-31.257
18.329;-1.000.243;-46.886;-31.257
18.339;-992.428;-46.886;-31.257
18.349;-992.428;-54.700;-23.443
18.359;-992.428;-39.072;-23.443
18.368;-992.428;-62.515;-31.257
18.378;-1.000.243;-62.515;-39.072
18.388;-1.008.057;-39.072;-31.257
18.398;-984.614;-31.257;-31.257
18.407;-992.428;-31.257;-23.443
18.417;-992.428;-46.886;-39.072
18.427;-1.000.243;-23.443;-39.072
18.437;-1.000.243;-39.072;-31.257
18.447;-992.428;-31.257;-23.443
18.457;-1.000.243;-31.257;-23.443
18.466;-1.000.243;-39.072;-23.443
18.476;-1.000.243;-31.257;-39.072
18.486;-992.428;-39.072;-23.443
18.496;-1.000.243;-46.886;-23.443
18.506;-1.000.243;-39.072;-23.443
18.516;-1.000.243;-39.072;-23.443
18.525;-976.800;-39.072;-15.628
18.535;-992.428;-46.886;-39.072
18.545;-992.428;-31.257;-23.443
18.555;-992.428;-39.072;-39.072
18.564;-1.000.243;-54.700;-23.443
18.574;-992.428;-39.072;-15.628
18.584;-992.428;-39.072;-23.443
18.594;-992.428;-31.257;-23.443
18.603;-1.000.243;-46.886;-15.628
18.613;-992.428;-39.072;-23.443
18.623;-992.428;-31.257;-23.443
18.633;-1.000.243;-39.072;-23.443
18.643;-1.000.243;-23.443;-31.257
18.653;-1.000.243;-23.443;-39.072
18.662;-992.428;-31.257;-39.072
18.672;-992.428;-31.257;-31.257
18.682;-1.008.057;-39.072;-31.257
18.692;-1.008.057;-46.886;-31.257
18.702;-1.000.243;-39.072;-23.443
18.712;-1.008.057;-31.257;-23.443
18.721;-984.614;-31.257;-23.443
18.731;-984.614;-39.072;-23.443
18.741;-1.000.243;-39.072;-23.443
18.75;-992.428;-31.257;-23.443
18.76;-992.428;-23.443;-23.443
18.77;-1.000.243;-31.257;-39.072
18.78;-992.428;-31.257;-39.072
18.789;-992.428;-39.072;-39.072
18.799;-992.428;-31.257;-31.257
18.809;-1.008.057;-31.257;-31.257
18.819;-1.000.243;-31.257;-23.443
18.829;-992.428;-46.886;-23.443
18.839;-1.000.243;-39.072;-23.443
18.849;-1.000.243;-31.257;-23.443
18.858;-1.000.243;-39.072;-23.443
18.868;-1.000.243;-54.700;-23.443
18.878;-992.428;-39.072;-23.443
18.888;-992.428;-46.886;-23.443
18.898;-1.000.243;-46.886;-39.072
18.907;-992.428;-54.700;-46.886
18.917;-992.428;-54.700;-31.257
18.927;-992.428;-39.072;-23.443
18.936;-992.428;-31.257;-23.443
18.946;-1.008.057;-31.257;-31.257
18.956;-992.428;-39.072;-39.072
18.966;-992.428;-39.072;-31.257
18.975;-992.428;-39.072;-31.257
18.985;-992.428;-39.072;-31.257
18.995;-984.614;-46.886;-23.443
19.004;-992.428;-46.886;-31.257
19.014;-1.000.243;-54.700;-23.443
19.024;-992.428;-39.072;-39.072
19.034;-992.428;-23.443;-54.700
19.044;-1.000.243;-31.257;-31.257
19.054;-1.000.243;-23.443;-31.257
19.064;-1.008.057;-31.257;-31.257
19.073;-1.000.243;-39.072;-15.628
19.083;-1.000.243;-23.443;-31.257
19.093;-1.000.243;-31.257;-23.443
19.103;-1.000.243;-31.257;-23.443
19.113;-1.000.243;-39.072;-23.443
19.123;-984.614;-39.072;-23.443
19.132;-992.428;-39.072;-23.443
19.142;-1.000.243;-31.257;-39.072
19.152;-992.428;-31.257;-31.257
19.162;-1.000.243;-23.443;-39.072
19.172;-1.000.243;-31.257;-31.257
19.182;-1.015.872;-15.628;-23.443
19.191;-984.614;-39.072;-46.886
19.201;-992.428;-39.072;-23.443
19.211;-1.008.057;-31.257;-15.628
19.221;-992.428;-23.443;-31.257
19.23;-984.614;-31.257;-23.443
19.24;-984.614;-39.072;-23.443
19.25;-992.428;-46.886;-23.443
19.259;-992.428;-78.144;-31.257
19.269;-1.008.057;-70.329;-31.257
19.279;-1.000.243;-46.886;-31.257
19.289;-992.428;-31.257;-31.257
19.299;-1.000.243;-31.257;-23.443
19.309;-1.000.243;-46.886;-31.257
19.318;-992.428;-46.886;-39.072
19.328;-1.015.872;-31.257;-7.814
19.338;-1.000.243;-39.072;-23.443
19.348;-1.000.243;-31.257;-31.257
19.358;-992.428;-31.257;-15.628
19.367;-984.614;-39.072;-31.257
19.377;-1.000.243;-15.628;-39.072
19.387;-992.428;-39.072;-39.072
19.397;-992.428;-39.072;-31.257
19.406;-992.428;-31.257;-31.257
19.416;-992.428;-31.257;-31.257
19.426;-992.428;-46.886;-31.257
19.436;-1.000.243;-39.072;-15.628
19.445;-984.614;-39.072;-15.628
19.455;-1.000.243;-46.886;-31.257
19.465;-992.428;-39.072;-23.443
19.475;-1.000.243;-31.257;-15.628
19.485;-1.000.243;-23.443;-23.443
19.495;-1.008.057;-31.257;-7.814
19.504;-1.015.872;-23.443;-7.814
19.514;-1.008.057;-23.443;-23.443
19.524;-1.000.243;-31.257;-31.257
19.534;-1.015.872;-46.886;-23.443
19.544;-992.428;-39.072;-39.072
19.553;-984.614;-23.443;-31.257
19.563;-984.614;-31.257;-39.072
19.573;-992.428;-23.443;-39.072
19.583;-1.000.243;-23.443;-39.072
19.593;-1.008.057;-23.443;-23.443
19.602;-1.008.057;-31.257;-31.257
19.612;-1.008.057;-54.700;-23.443
19.622;-1.008.057;-54.700;-15.628
19.632;-992.428;-54.700;-23.443
19.642;-1.000.243;-39.072;-39.072
19.652;-992.428;-46.886;-39.072
19.661;-992.428;-39.072;-31.257
19.671;-1.000.243;-31.257;-31.257
19.681;-1.008.057;-31.257;-31.257
19.691;-1.000.243;-39.072;-15.628
19.701;-992.428;-39.072;-15.628
19.711;-1.008.057;-39.072;-23.443
19.72;-992.428;-15.628;0.000
19.729;-992.428;-39.072;-39.072
19.739;-992.428;-39.072;-39.072
19.749;-992.428;-39.072;-23.443
19.759;-1.008.057;-31.257;-31.257
19.768;-992.428;-23.443;-31.257
19.778;-992.428;-23.443;-31.257
19.788;-1.000.243;-23.443;-31.257
19.798;-992.428;-15.628;-23.443
19.807;-992.428;-31.257;-23.443
19.817;-1.008.057;-23.443;-23.443
19.827;-992.428;-46.886;-54.700
19.837;-1.000.243;-46.886;-39.072
19.847;-1.000.243;-39.072;-31.257
19.857;-1.000.243;-39.072;-15.628
19.866;-992.428;-23.443;-23.443
19.876;-1.000.243;-39.072;-31.257
19.886;-992.428;-23.443;-23.443
19.896;-1.000.243;-23.443;-15.628
19.906;-1.000.243;-31.257;-23.443
19.916;-1.000.243;-23.443;-31.257
19.926;-1.000.243;-46.886;-54.700
19.935;-992.428;-39.072;-31.257
19.945;-1.000.243;-46.886;-39.072
19.955;-992.428;-23.443;-31.257
19.965;-1.000.243;-23.443;-39.072
19.975;-1.000.243;-15.628;-15.628
19.984;-992.428;-39.072;-15.628
19.994;-1.000.243;-39.072;-15.628
20.004;-992.428;-31.257;-7.814
20.014;-1.000.243;-31.257;-23.443
20.023;-992.428;-31.257;-31.257
20.033;-992.428;-31.257;-39.072
20.043;-992.428;-23.443;-31.257
20.052;-984.614;-23.443;-39.072
20.062;-1.000.243;-23.443;-23.443
20.072;-1.000.243;-23.443;-23.443
20.082;-1.000.243;-23.443;-31.257
20.092;-1.000.243;-23.443;-23.443
20.102;-1.000.243;-31.257;-15.628
20.112;-1.000.243;-31.257;-23.443
20.121;-984.614;-39.072;-23.443
20.131;-1.000.243;-39.072;-46.886
20.141;-992.428;-31.257;-31.257
20.151;-1.008.057;-23.443;-15.628
20.161;-1.008.057;-15.628;-23.443
20.17;-992.428;-31.257;-31.257
20.18;-1.000.243;-23.443;-31.257
20.19;-1.008.057;-31.257;-23.443
20.2;-992.428;-31.257;-23.443
20.21;-992.428;-46.886;-23.443
20.22;-1.008.057;-31.257;-31.257
20.23;-1.008.057;-31.257;-23.443
20.239;-1.008.057;-39.072;-23.443
20.25;-992.428;-39.072;-7.814
20.259;-992.428;-46.886;-23.443
20.269;-992.428;-46.886;-23.443
20.279;-1.000.243;-31.257;-23.443
20.289;-1.000.243;-31.257;-23.443
20.299;-1.000.243;-23.443;-31.257
20.309;-1.000.243;-15.628;-15.628
20.318;-992.428;-15.628;-15.628
20.327;-984.614;-7.814;-31.257
20.336;-984.614;-7.814;-39.072
20.346;-1.008.057;-7.814;-39.072
20.356;-992.428;-31.257;-23.443
20.366;-984.614;-31.257;-23.443
20.376;-1.008.057;-46.886;-23.443
20.386;-992.428;-39.072;-15.628
20.396;-992.428;-31.257;-15.628
20.405;-1.000.243;-46.886;-7.814
20.415;-1.000.243;-31.257;-23.443
20.425;-992.428;-31.257;-31.257
20.435;-992.428;-23.443;-23.443
20.444;-992.428;-23.443;-23.443
20.454;-1.008.057;-31.257;-31.257
20.464;-1.000.243;-31.257;-23.443
20.474;-1.000.243;-39.072;-31.257
20.484;-1.000.243;-23.443;-15.628
20.494;-1.008.057;-23.443;-15.628
20.504;-992.428;-39.072;-23.443
20.513;-984.614;-31.257;-15.628
20.523;-992.428;-31.257;-15.628
20.533;-984.614;-23.443;-23.443
20.542;-992.428;-31.257;-23.443
20.552;-992.428;-23.443;-31.257
20.562;-1.008.057;-15.628;-31.257
20.572;-1.000.243;-23.443;-31.257
20.582;-1.008.057;-31.257;-23.443
20.592;-1.008.057;-23.443;-23.443
20.602;-1.000.243;-23.443;-15.628
20.612;-1.008.057;-31.257;-15.628
20.621;-992.428;-23.443;-15.628
20.631;-992.428;-31.257;-23.443
20.641;-992.428;-31.257;-31.257
20.651;-1.000.243;-39.072;-31.257
20.66;-992.428;-46.886;-31.257
20.67;-1.000.243;-39.072;-15.628
20.68;-992.428;-39.072;-15.628
20.689;-992.428;-46.886;-15.628
20.699;-1.000.243;-39.072;-15.628
20.709;-992.428;-78.144;-31.257
20.719;-1.000.243;-39.072;-31.257
20.729;-992.428;-23.443;-23.443
20.738;-984.614;-23.443;-31.257
20.748;-1.000.243;-15.628;-31.257
20.758;-992.428;-31.257;-31.257
20.768;-992.428;-39.072;-31.257
20.777;-984.614;-39.072;-23.443
20.787;-984.614;-39.072;-31.257
