0.0;-984.614;0.000;85.958;
0.009;-992.428;0.000;85.958;
0.018;-1000.243;-7.814;78.144;
0.028;-1015.872;-7.814;70.329;
0.037;-1008.057;-7.814;70.329;
0.047;-1000.243;-7.814;62.515;
0.056;-992.428;-15.628;62.515;
0.066;-1008.057;-15.628;70.329;
0.075;-1023.686;-23.443;85.958;
0.085;-1039.315;-15.628;85.958;
0.095;-1015.872;-23.443;85.958;
0.104;-1008.057;-23.443;78.144;
0.114;-984.614;-46.886;62.515;
0.124;-992.428;-31.257;46.886;
0.133;-1000.243;-23.443;39.072;
0.142;-1000.243;-7.814;39.072;
0.151;-992.428;0.000;39.072;
0.16;-992.428;0.000;39.072;
0.169;-984.614;0.000;23.443;
0.178;-984.614;7.814;31.257;
0.187;-976.800;0.000;15.628;
0.196;-992.428;-15.628;31.257;
0.206;-984.614;-23.443;46.886;
0.215;-984.614;-7.814;70.329;
0.224;-968.985;-15.628;78.144;
0.234;-945.542;-15.628;78.144;
0.242;-937.728;0.000;78.144;
0.251;-961.171;0.000;78.144;
0.26;-961.171;0.000;78.144;
0.27;-976.800;-15.628;78.144;
0.279;-1000.243;-31.257;70.329;
0.289;-992.428;-23.443;78.144;
0.298;-992.428;-46.886;70.329;
0.308;-1000.243;-39.072;62.515;
0.318;-1000.243;-31.257;54.700;
0.327;-1000.243;-23.443;70.329;
0.337;-1031.500;-15.628;70.329;
0.347;-1015.872;-15.628;70.329;
0.356;-1023.686;-15.628;62.515;
0.366;-1015.872;-15.628;54.700;
0.376;-1008.057;-15.628;62.515;
0.385;-1008.057;-23.443;62.515;
0.395;-1008.057;-23.443;62.515;
0.405;-1015.872;-23.443;70.329;
0.415;-1015.872;-23.443;85.958;
0.424;-1023.686;-39.072;85.958;
0.434;-1031.500;-23.443;78.144;
0.444;-1031.500;-31.257;70.329;
0.453;-1023.686;-31.257;62.515;
0.463;-1023.686;-23.443;70.329;
0.473;-1015.872;-15.628;85.958;
0.482;-1008.057;-15.628;85.958;
0.492;-992.428;-15.628;93.772;
0.501;-992.428;-7.814;109.401;
0.51;-992.428;0.000;101.587;
0.52;-984.614;0.000;101.587;
0.529;-984.614;-7.814;117.216;
0.538;-992.428;0.000;101.587;
0.547;-1000.243;7.814;101.587;
0.557;-1000.243;15.628;93.772;
0.566;-992.428;31.257;93.772;
0.575;-1000.243;39.072;78.144;
0.584;-992.428;39.072;85.958;
0.594;-992.428;31.257;85.958;
0.603;-976.800;39.072;85.958;
0.612;-984.614;31.257;85.958;
0.621;-992.428;31.257;93.772;
0.63;-992.428;31.257;93.772;
0.639;-984.614;23.443;101.587;
0.648;-968.985;23.443;93.772;
0.658;-968.985;39.072;70.329;
0.667;-968.985;39.072;78.144;
0.676;-961.171;46.886;62.515;
0.685;-961.171;39.072;78.144;
0.694;-968.985;54.700;70.329;
0.703;-968.985;46.886;78.144;
0.712;-953.356;39.072;70.329;
0.721;-961.171;31.257;85.958;
0.731;-984.614;23.443;101.587;
0.74;-984.614;23.443;101.587;
0.749;-976.800;0.000;101.587;
0.758;-961.171;0.000;140.659;
0.767;-961.171;7.814;132.844;
0.777;-968.985;23.443;156.288;
0.786;-961.171;46.886;140.659;
0.795;-976.800;46.886;148.473;
0.805;-984.614;54.700;140.659;
0.814;-992.428;70.329;148.473;
0.824;-1015.872;78.144;140.659;
0.834;-1015.872;70.329;164.102;
0.843;-1031.500;62.515;179.731;
0.853;-1031.500;78.144;195.360;
0.863;-1015.872;85.958;203.174;
0.872;-1023.686;93.772;203.174;
0.882;-1023.686;101.587;210.988;
0.892;-1023.686;101.587;203.174;
0.902;-1031.500;93.772;195.360;
0.912;-1015.872;78.144;210.988;
0.921;-1023.686;85.958;226.617;
0.931;-1031.500;93.772;218.803;
0.941;-1047.129;117.216;218.803;
0.951;-1039.315;109.401;203.174;
0.961;-1047.129;117.216;203.174;
0.971;-1015.872;117.216;218.803;
0.98;-992.428;125.030;234.432;
0.99;-984.614;125.030;234.432;
1.0;-984.614;132.844;234.432;
1.009;-961.171;132.844;234.432;
1.019;-945.542;171.916;210.988;
1.029;-945.542;171.916;210.988;
1.039;-945.542;195.360;226.617;
1.048;-937.728;210.988;210.988;
1.057;-937.728;226.617;226.617;
1.068;-929.913;234.432;210.988;
1.077;-922.099;234.432;242.246;
1.087;-906.470;226.617;273.503;
1.097;-914.284;234.432;312.576;
1.106;-898.656;242.246;359.462;
1.116;-859.584;265.689;414.163;
1.126;-820.512;304.761;445.420;
1.135;-781.440;351.648;429.792;
1.144;-726.739;367.276;351.648;
1.155;-640.780;351.648;226.617;
1.164;-515.750;296.947;78.144;
1.174;-437.606;187.545;-78.144;
1.184;-359.462;54.700;-187.545;
1.193;-336.019;0.000;-179.731;
1.201;-390.720;7.814;-54.700;
1.21;-531.379;39.072;70.329;
1.22;-726.739;-70.329;132.844;
1.231;-1039.315;-320.390;117.216;
1.241;-1570.694;-320.390;359.462;
1.25;-1726.982;-70.329;421.977;
1.261;-1422.220;46.886;273.503;
1.271;-1086.201;-93.772;-7.814;
1.281;-804.883;-273.503;-171.916;
1.291;-640.780;-343.833;-62.515;
1.3;-593.894;-343.833;39.072;
1.309;-718.924;-179.731;-46.886;
1.319;-953.356;0.000;-187.545;
1.33;-1187.788;234.432;-257.875;
1.339;-1367.520;429.792;-203.174;
1.349;-1328.447;484.492;-117.216;
1.359;-1195.603;429.792;-46.886;
1.369;-1101.830;367.276;39.072;
1.38;-1094.015;320.390;101.587;
1.389;-1187.788;273.503;140.659;
1.399;-1219.046;234.432;93.772;
1.408;-1273.747;203.174;15.628;
1.418;-1281.561;226.617;-70.329;
1.429;-1312.819;257.875;-125.030;
1.438;-1367.520;296.947;-101.587;
1.449;-1383.148;296.947;-156.288;
1.459;-1375.334;296.947;-164.102;
1.47;-1367.520;281.318;-125.030;
1.48;-1328.447;265.689;-46.886;
1.49;-1359.705;265.689;-7.814;
1.5;-1422.220;289.132;54.700;
1.508;-1430.035;242.246;93.772;
1.518;-1414.406;164.102;117.216;
1.528;-1359.705;117.216;171.916;
1.539;-1297.190;54.700;210.988;
1.547;-1234.675;93.772;257.875;
1.557;-1234.675;93.772;289.132;
1.568;-1187.788;109.401;289.132;
1.578;-1156.531;179.731;328.204;
1.587;-1148.716;226.617;351.648;
1.597;-1133.088;265.689;367.276;
1.607;-1047.129;265.689;351.648;
1.616;-914.284;289.132;312.576;
1.626;-718.924;312.576;250.060;
1.636;-547.007;289.132;234.432;
1.645;-476.678;250.060;195.360;
1.655;-461.049;164.102;195.360;
1.665;-453.235;203.174;281.318;
1.674;-445.420;289.132;359.462;
1.684;-398.534;375.091;359.462;
1.694;-382.905;421.977;336.019;
1.703;-359.462;390.720;242.246;
1.713;-367.276;257.875;46.886;
1.723;-632.966;273.503;-46.886;
1.733;-1117.459;218.803;-523.564;
1.743;-1703.539;281.318;-609.523;
1.753;-2195.846;7.814;-429.792;
1.763;-1867.641;-171.916;-7.814;
1.773;-1312.819;-179.731;320.390;
1.783;-1078.387;-85.958;609.523;
1.792;-1031.500;0.000;601.708;
1.801;-1187.788;7.814;242.246;
1.811;-1437.849;70.329;-7.814;
1.821;-1711.353;195.360;-70.329;
1.831;-1867.641;195.360;15.628;
1.84;-1844.198;156.288;117.216;
1.85;-1672.281;85.958;132.844;
1.86;-1469.107;117.216;93.772;
1.87;-1250.304;171.916;117.216;
1.88;-1094.015;156.288;140.659;
1.889;-1008.057;78.144;179.731;
1.899;-945.542;-15.628;156.288;
1.908;-929.913;-62.515;85.958;
1.918;-929.913;-109.401;46.886;
1.927;-945.542;-62.515;7.814;
1.937;-914.284;-15.628;39.072;
1.946;-820.512;0.000;101.587;
1.955;-820.512;0.000;101.587;
1.964;-687.667;-46.886;140.659;
1.974;-562.636;-109.401;171.916;
1.984;-500.121;-226.617;273.503;
1.994;-398.534;-328.204;304.761;
2.004;-328.204;-320.390;265.689;
2.014;-257.875;-187.545;218.803;
2.023;-250.060;-7.814;296.947;
2.033;-367.276;257.875;312.576;
2.043;-547.007;547.007;312.576;
2.052;-672.038;664.223;367.276;
2.062;-804.883;718.924;461.049;
2.072;-859.584;765.811;390.720;
2.082;-679.852;765.811;257.875;
2.091;-265.689;789.254;140.659;
2.101;242.246;656.409;-179.731;
2.11;750.182;39.072;-961.171;
2.12;976.800;-656.409;-976.800;
2.13;-109.401;-656.409;-46.886;
2.141;-2000.486;1125.273;2774.112;
2.151;-3930.643;-156.288;851.769;
2.161;-2469.350;-1383.148;-570.451;
2.172;453.235;-1179.974;-1242.489;
2.182;586.080;-922.099;289.132;
2.191;-117.216;-242.246;336.019;
2.201;-984.614;-62.515;-484.492;
2.212;-1430.035;-148.473;-609.523;
2.222;-1625.395;-109.401;-132.844;
2.233;-2078.630;-15.628;-210.988;
2.243;-1719.168;187.545;-461.049;
2.253;-1437.849;242.246;-437.606;
2.263;-1445.664;226.617;-406.348;
2.273;-1476.921;109.401;-312.576;
2.283;-1672.281;109.401;-234.432;
2.293;-2000.486;414.163;-31.257;
2.303;-2297.433;664.223;23.443;
2.313;-2375.577;765.811;85.958;
2.323;-2211.475;656.409;265.689;
2.332;-1953.600;531.379;476.678;
2.342;-1797.312;414.163;640.780;
2.352;-1758.239;382.905;742.368;
2.362;-1750.425;390.720;820.512;
2.372;-1625.395;515.750;906.470;
2.382;-1390.963;539.193;945.542;
2.392;-1172.160;429.792;843.955;
2.402;-937.728;273.503;757.996;
2.411;-711.110;179.731;562.636;
2.422;-492.307;70.329;328.204;
2.43;-289.132;-7.814;46.886;
2.44;-54.700;23.443;-101.587;
2.449;85.958;179.731;-46.886;
2.458;187.545;359.462;39.072;
2.468;195.360;375.091;-101.587;
2.478;140.659;312.576;-296.947;
2.487;-15.628;312.576;-367.276;
2.497;-507.936;507.936;-351.648;
2.508;-1000.243;750.182;-296.947;
2.518;-1398.777;945.542;-117.216;
2.527;-1828.569;718.924;-54.700;
2.538;-1922.342;593.894;164.102;
2.547;-1852.012;304.761;351.648;
2.557;-1703.539;-15.628;421.977;
2.568;-1680.096;-242.246;421.977;
2.577;-1852.012;-390.720;351.648;
2.588;-2031.744;-351.648;39.072;
2.598;-2234.918;-328.204;-62.515;
2.608;-2445.907;-336.019;-23.443;
2.618;-2297.433;-226.617;39.072;
2.626;-1945.785;0.000;78.144;
2.637;-1586.323;78.144;265.689;
2.646;-1219.046;31.257;414.163;
2.656;-890.841;46.886;468.864;
2.665;-648.595;0.000;429.792;
2.674;-648.595;0.000;429.792;
2.684;-453.235;-54.700;320.390;
2.693;-257.875;-70.329;257.875;
2.703;-148.473;-54.700;265.689;
2.712;-164.102;0.000;218.803;
2.721;-250.060;85.958;93.772;
2.731;-343.833;93.772;-31.257;
2.74;-359.462;0.000;-101.587;
2.75;-265.689;-148.473;-250.060;
2.761;-125.030;-125.030;-320.390;
2.77;-140.659;-15.628;-343.833;
2.78;-203.174;203.174;-304.761;
2.79;-312.576;453.235;-234.432;
2.8;-468.864;750.182;23.443;
2.81;-742.368;1023.686;437.606;
2.819;-984.614;1148.716;859.584;
2.829;-945.542;992.428;1054.943;
2.839;-554.822;898.656;1078.387;
2.848;85.958;679.852;968.985;
2.858;1109.644;-62.515;93.772;
2.868;898.656;-1328.447;-1609.766;
2.878;-1797.312;-125.030;398.534;
2.889;-2774.112;672.038;1805.126;
2.9;-2594.380;-1789.497;484.492;
2.909;62.515;-2000.486;-757.996;
2.919;632.966;-1179.974;-93.772;
2.928;-7.814;-304.761;-195.360;
2.939;-1031.500;336.019;-742.368;
2.949;-1695.724;156.288;-828.326;
2.959;-2141.145;453.235;-218.803;
2.969;-2305.248;421.977;-625.152;
2.979;-1586.323;625.152;-742.368;
2.99;-1359.705;461.049;-797.068;
3.0;-1398.777;289.132;-547.007;
3.01;-1726.982;15.628;-359.462;
3.019;-2172.403;23.443;-46.886;
3.029;-2680.339;281.318;187.545;
3.039;-2781.926;507.936;328.204;
3.049;-2570.937;523.564;632.966;
3.059;-2172.403;492.307;843.955;
3.069;-1859.827;336.019;961.171;
3.08;-1656.652;312.576;906.470;
3.089;-1508.179;343.833;812.697;
3.099;-1281.561;461.049;797.068;
3.109;-1078.387;484.492;703.296;
3.118;-890.841;429.792;570.451;
3.128;-687.667;421.977;453.235;
3.138;-476.678;445.420;328.204;
3.147;-320.390;359.462;70.329;
3.157;-218.803;281.318;-117.216;
3.167;-117.216;336.019;-156.288;
3.176;-7.814;414.163;-78.144;
3.185;39.072;437.606;62.515;
3.194;15.628;367.276;203.174;
3.203;15.628;367.276;203.174;
3.212;-23.443;320.390;304.761;
3.222;-93.772;328.204;359.462;
3.231;-210.988;156.288;23.443;
3.241;-570.451;117.216;-234.432;
3.251;-836.140;250.060;-46.886;
3.261;-1250.304;218.803;-15.628;
3.271;-1883.270;257.875;187.545;
3.281;-2469.350;375.091;234.432;
3.29;-2610.009;70.329;187.545;
3.3;-2172.403;-70.329;281.318;
3.31;-2250.547;-171.916;210.988;
3.32;-2484.979;-109.401;46.886;
3.33;-2586.566;-23.443;31.257;
3.34;-2641.267;-140.659;39.072;
3.35;-2406.835;-148.473;23.443;
3.36;-1898.899;-39.072;109.401;
3.37;-1390.963;156.288;195.360;
3.379;-867.398;140.659;351.648;
3.389;-515.750;195.360;320.390;
3.399;-242.246;148.473;382.905;
3.408;-93.772;39.072;296.947;
3.417;-23.443;-46.886;164.102;
3.427;-93.772;-117.216;156.288;
3.436;-226.617;-78.144;85.958;
3.446;-304.761;-39.072;31.257;
3.455;-398.534;85.958;-54.700;
3.465;-421.977;125.030;-156.288;
3.475;-320.390;70.329;-281.318;
3.484;-148.473;23.443;-429.792;
3.495;-148.473;54.700;-617.337;
3.504;-203.174;195.360;-539.193;
3.515;-273.503;601.708;-226.617;
3.524;-445.420;1211.232;171.916;
3.534;-843.955;1922.342;1156.531;
3.544;-820.512;1742.611;1703.539;
3.554;-461.049;1461.292;1617.580;
3.563;93.772;890.841;914.284;
3.574;1844.198;-648.595;-1312.819;
3.584;1453.478;-2508.422;-2953.843;
3.595;-1547.251;-390.720;-93.772;
3.605;-2016.115;437.606;3719.654;
3.615;-3985.343;-1125.273;484.492;
3.626;-531.379;-2727.225;-2086.444;
3.636;547.007;-1562.880;-656.409;
3.646;328.204;257.875;390.720;
3.656;-1140.902;-289.132;-867.398;
3.666;-1648.838;-664.223;-507.936;
3.676;-2094.259;62.515;-210.988;
3.686;-2656.895;93.772;-890.841;
3.696;-1898.899;593.894;-718.924;
3.707;-1836.384;367.276;-640.780;
3.717;-2297.433;281.318;-351.648;
3.727;-2750.668;421.977;179.731;
3.737;-2969.472;617.337;187.545;
3.746;-2672.524;773.625;382.905;
3.756;-2399.020;773.625;445.420;
3.766;-2125.516;539.193;695.481;
3.776;-1875.456;195.360;804.883;
3.786;-1734.796;15.628;773.625;
3.796;-1445.664;-23.443;812.697;
3.806;-1109.644;140.659;914.284;
3.815;-867.398;203.174;734.553;
3.825;-742.368;250.060;586.080;
3.835;-672.038;398.534;343.833;
3.845;-515.750;609.523;101.587;
3.854;-343.833;742.368;0.000;
3.863;-164.102;765.811;23.443;
3.872;-85.958;711.110;117.216;
3.882;-85.958;711.110;210.988;
3.891;-117.216;578.265;210.988;
3.901;-281.318;445.420;7.814;
3.91;-304.761;468.864;85.958;
3.92;-218.803;492.307;445.420;
3.929;-132.844;281.318;539.193;
3.939;-117.216;7.814;203.174;
3.948;-453.235;0.000;-312.576;
3.958;-968.985;164.102;-210.988;
3.968;-2227.104;320.390;109.401;
3.978;-3985.343;-500.121;-187.545;
3.988;-2766.297;-336.019;46.886;
3.998;-1719.168;-54.700;351.648;
4.008;-1969.228;-265.689;273.503;
4.018;-2422.464;-414.163;187.545;
4.028;-2758.483;-304.761;46.886;
4.039;-2797.555;-328.204;-132.844;
4.049;-2461.536;-367.276;-343.833;
4.059;-2016.115;-382.905;-445.420;
4.07;-1437.849;-210.988;-390.720;
4.08;-898.656;-54.700;-132.844;
4.089;-500.121;31.257;-101.587;
4.099;-156.288;-7.814;-39.072;
4.107;31.257;-70.329;0.000;
4.117;234.432;-23.443;-148.473;
4.126;296.947;0.000;-125.030;
4.136;226.617;101.587;-78.144;
4.144;62.515;85.958;-7.814;
4.153;-31.257;0.000;-93.772;
4.162;-101.587;0.000;-242.246;
4.172;-156.288;39.072;-398.534;
4.182;-296.947;203.174;-445.420;
4.192;-445.420;382.905;-336.019;
4.202;-554.822;609.523;-93.772;
4.211;-554.822;609.523;179.731;
4.221;-742.368;1039.315;179.731;
4.231;-1054.943;1680.096;750.182;
4.241;-984.614;1500.364;843.955;
4.251;-617.337;914.284;976.800;
4.261;-54.700;718.924;1164.345;
4.27;875.212;382.905;609.523;
4.281;2109.887;-1219.046;-1109.644;
4.292;-875.212;-2758.483;-1922.342;
4.302;-2860.070;-1359.705;445.420;
4.312;281.318;-2023.929;-1852.012;
4.323;953.356;-1211.232;-429.792;
4.332;359.462;-312.576;-320.390;
4.343;-773.625;-218.803;-1086.201;
4.353;-1766.054;-187.545;-781.440;
4.363;-2477.164;-15.628;-718.924;
4.373;-3008.544;0.000;-906.470;
4.384;-1758.239;586.080;-539.193;
4.394;-1687.910;390.720;-578.265;
4.403;-2141.145;382.905;-62.515;
4.413;-2883.513;296.947;203.174;
4.423;-2891.328;437.606;453.235;
4.433;-2617.823;609.523;523.564;
4.443;-2359.948;640.780;711.110;
4.453;-2070.816;437.606;929.913;
4.463;-1812.940;164.102;929.913;
4.473;-1687.910;-15.628;976.800;
4.483;-1437.849;-31.257;961.171;
4.493;-1078.387;-39.072;859.584;
4.502;-734.553;0.000;640.780;
4.511;-601.708;289.132;328.204;
4.521;-507.936;554.822;-85.958;
4.531;-351.648;672.038;-273.503;
4.541;-351.648;742.368;-226.617;
4.55;-226.617;898.656;-31.257;
4.56;-156.288;898.656;-31.257;
4.57;-210.988;883.027;156.288;
4.58;-328.204;750.182;234.432;
4.59;-453.235;562.636;265.689;
4.599;-429.792;343.833;273.503;
4.609;-250.060;164.102;367.276;
4.618;-93.772;0.000;343.833;
4.627;-54.700;-54.700;70.329;
4.636;-414.163;78.144;-226.617;
4.646;-804.883;289.132;-195.360;
4.656;-1719.168;304.761;0.000;
4.665;-3719.654;39.072;242.246;
4.676;-3930.643;-351.648;-296.947;
4.686;-1891.084;-234.432;421.977;
4.696;-1867.641;-328.204;359.462;
4.706;-1906.713;-187.545;164.102;
4.716;-2055.187;-31.257;273.503;
4.726;-2352.134;-70.329;93.772;
4.736;-2211.475;-23.443;-39.072;
4.745;-1742.611;7.814;-23.443;
4.755;-1250.304;125.030;-117.216;
4.765;-797.068;132.844;0.000;
4.774;-515.750;125.030;31.257;
4.783;-359.462;132.844;70.329;
4.793;-203.174;85.958;62.515;
4.802;-171.916;-78.144;23.443;
4.811;-203.174;-218.803;7.814;
4.821;-273.503;-257.875;-23.443;
4.831;-336.019;-179.731;-195.360;
4.841;-437.606;-7.814;-265.689;
4.851;-367.276;93.772;-336.019;
4.86;-164.102;0.000;-398.534;
4.87;-46.886;-195.360;-515.750;
4.88;-78.144;-132.844;-453.235;
4.89;-70.329;210.988;-101.587;
4.9;-125.030;210.988;-101.587;
4.909;-148.473;953.356;281.318;
4.919;-445.420;2070.816;1086.201;
4.93;-617.337;2719.411;1836.384;
4.94;-484.492;1875.456;1070.572;
4.95;-289.132;1273.747;1562.880;
4.96;-2469.350;672.038;-187.545;
4.971;-3985.343;-718.924;-2102.073;
4.982;-179.731;-3610.252;-2289.619;
4.992;1781.683;-3602.438;-429.792;
5.003;2195.846;-1547.251;2484.979;
5.013;898.656;-1578.508;-757.996;
5.023;-390.720;-632.966;-1937.971;
5.033;-2375.577;46.886;-1187.788;
5.044;-3985.343;-312.576;-523.564;
5.054;-2914.771;-312.576;-78.144;
5.064;-1422.220;132.844;-609.523;
5.074;-1351.891;242.246;-945.542;
5.084;-1859.827;437.606;-312.576;
5.095;-2711.596;468.864;-312.576;
5.105;-2906.956;593.894;117.216;
5.115;-2906.956;578.265;242.246;
5.124;-2516.236;648.595;437.606;
5.134;-2352.134;625.152;640.780;
5.144;-1969.228;453.235;781.440;
5.154;-1726.982;312.576;875.212;
5.164;-1609.766;117.216;797.068;
5.174;-1250.304;140.659;734.553;
5.184;-914.284;218.803;734.553;
5.193;-734.553;296.947;632.966;
5.203;-695.481;429.792;304.761;
5.213;-547.007;679.852;-15.628;
5.222;-390.720;781.440;-39.072;
5.232;-195.360;804.883;125.030;
5.242;-140.659;851.769;281.318;
5.251;-203.174;836.140;226.617;
5.261;-273.503;742.368;242.246;
5.271;-375.091;570.451;234.432;
5.281;-296.947;343.833;343.833;
5.29;-195.360;78.144;328.204;
5.299;-125.030;62.515;179.731;
5.309;-406.348;85.958;-242.246;
5.319;-851.769;351.648;-179.731;
5.329;-1852.012;468.864;101.587;
5.339;-1875.456;-187.545;54.700;
5.349;-3985.343;-390.720;-203.174;
5.359;-1961.414;-39.072;382.905;
5.369;-2039.558;-257.875;312.576;
5.379;-2211.475;-336.019;218.803;
5.39;-2414.649;-171.916;164.102;
5.4;-2539.680;-148.473;-7.814;
5.41;-2227.104;-242.246;-171.916;
5.42;-1750.425;-265.689;-195.360;
5.431;-1187.788;-78.144;-234.432;
5.44;-679.852;-39.072;-101.587;
5.45;-328.204;7.814;-39.072;
5.459;-156.288;-7.814;-62.515;
5.468;-93.772;0.000;-164.102;
5.477;-93.772;0.000;-164.102;
5.486;0.000;23.443;-312.576;
5.495;0.000;0.000;-289.132;
5.504;-31.257;0.000;-437.606;
5.513;-125.030;39.072;-453.235;
5.523;-171.916;46.886;-484.492;
5.533;-273.503;46.886;-476.678;
5.543;-226.617;31.257;-492.307;
5.552;-226.617;54.700;-328.204;
5.562;-226.617;62.515;-93.772;
5.571;-296.947;265.689;156.288;
5.581;-828.326;976.800;843.955;
5.592;-1648.838;1680.096;1476.921;
5.602;-1398.777;1101.830;1656.652;
5.612;-773.625;672.038;1265.932;
5.621;328.204;632.966;1547.251;
5.631;875.212;828.326;1297.190;
5.641;15.628;-62.515;-2977.286;
5.651;-1367.520;195.360;-414.163;
5.662;-1140.902;-2188.031;-1836.384;
5.672;78.144;-2305.248;375.091;
5.682;734.553;-1586.323;656.409;
5.692;-132.844;-1492.550;-1070.572;
5.703;-773.625;-453.235;-1617.580;
5.713;-2219.289;23.443;-914.284;
5.723;-2758.483;-320.390;-179.731;
5.733;-2860.070;-640.780;-398.534;
5.744;-1609.766;-109.401;-593.894;
5.754;-1515.993;-54.700;-781.440;
5.764;-1992.671;187.545;-359.462;
5.774;-3063.244;359.462;-304.761;
5.784;-3414.892;664.223;132.844;
5.794;-3024.172;773.625;312.576;
5.804;-2570.937;859.584;695.481;
5.814;-2273.990;609.523;1015.872;
5.825;-2016.115;328.204;1125.273;
5.835;-1859.827;140.659;1000.243;
5.845;-1492.550;195.360;992.428;
5.855;-1070.572;328.204;922.099;
5.864;-883.027;414.163;742.368;
5.874;-843.955;507.936;398.534;
5.884;-718.924;648.595;148.473;
5.893;-429.792;695.481;78.144;
5.903;-132.844;507.936;250.060;
5.912;46.886;289.132;304.761;
5.921;46.886;414.163;140.659;
5.93;-23.443;804.883;85.958;
5.939;-148.473;937.728;46.886;
5.949;-210.988;468.864;-31.257;
5.958;-148.473;70.329;85.958;
5.968;-125.030;117.216;328.204;
5.977;-273.503;148.473;46.886;
5.987;-804.883;367.276;-414.163;
5.997;-797.068;625.152;-375.091;
6.007;-1375.334;531.379;-289.132;
6.017;-3610.252;242.246;-39.072;
6.027;-2266.176;7.814;421.977;
6.036;-2273.990;7.814;421.977;
6.046;-1992.671;-250.060;484.492;
6.056;-2344.320;-484.492;367.276;
6.067;-2750.668;-554.822;148.473;
6.077;-2867.884;-382.905;-125.030;
6.087;-2836.627;-414.163;-242.246;
6.098;-2094.259;-250.060;-273.503;
6.108;-1484.736;-171.916;-195.360;
6.118;-867.398;-62.515;-62.515;
6.127;-320.390;-39.072;70.329;
6.137;-23.443;-101.587;179.731;
6.147;140.659;-171.916;156.288;
6.156;140.659;-171.916;54.700;
6.165;171.916;-7.814;54.700;
6.174;109.401;117.216;-15.628;
6.184;-54.700;117.216;-117.216;
6.194;-226.617;-7.814;-226.617;
6.204;-203.174;-125.030;-390.720;
6.214;-125.030;-171.916;-562.636;
6.224;-117.216;-109.401;-672.038;
6.234;-187.545;54.700;-672.038;
6.244;-234.432;203.174;-515.750;
6.254;-250.060;312.576;-242.246;
6.264;-421.977;711.110;101.587;
6.274;-812.697;1398.777;765.811;
6.284;-922.099;1562.880;1320.633;
6.294;-789.254;797.068;1383.148;
6.304;-351.648;617.337;1508.179;
6.313;929.913;554.822;1758.239;
6.323;1242.489;-242.246;-656.409;
6.334;-3125.760;-468.864;-1281.561;
6.344;-3578.995;-1328.447;-7.814;
6.355;-1867.641;-2649.081;-1578.508;
6.366;1234.675;-2836.627;-507.936;
6.376;617.337;-1414.406;-656.409;
6.386;15.628;-1054.943;-1133.088;
6.397;-1062.758;-109.401;-914.284;
6.407;-3321.120;-351.648;-797.068;
6.417;-2133.331;156.288;-375.091;
6.427;-1648.838;62.515;-656.409;
6.437;-2016.115;164.102;-273.503;
6.447;-2914.771;398.534;132.844;
6.457;-3024.172;547.007;226.617;
6.467;-2789.740;531.379;476.678;
6.477;-2524.051;562.636;726.739;
6.487;-2156.774;343.833;968.985;
6.497;-1852.012;-31.257;1054.943;
6.507;-1664.467;-164.102;984.614;
6.517;-1406.592;-62.515;976.800;
6.527;-1031.500;117.216;828.326;
6.537;-836.140;328.204;554.822;
6.546;-812.697;750.182;210.988;
6.556;-734.553;1094.015;-46.886;
6.566;-476.678;1172.160;-195.360;
6.576;-203.174;1101.830;-31.257;
6.586;-125.030;1031.500;171.916;
6.596;-195.360;906.470;203.174;
6.606;-343.833;632.966;242.246;
6.615;-343.833;289.132;140.659;
6.625;-500.121;304.761;140.659;
6.634;-406.348;78.144;359.462;
6.644;-226.617;-39.072;312.576;
6.654;-343.833;-164.102;-39.072;
6.664;-586.080;171.916;-132.844;
6.674;-1140.902;54.700;-226.617;
6.684;-2367.763;-39.072;125.030;
6.694;-3602.438;-140.659;54.700;
6.704;-2164.588;-15.628;382.905;
6.713;-1664.467;-78.144;593.894;
6.724;-2047.372;-265.689;367.276;
6.734;-2469.350;-234.432;39.072;
6.744;-2649.081;-101.587;-93.772;
6.753;-2758.483;0.000;-164.102;
6.764;-2602.195;-132.844;-117.216;
6.774;-2141.145;-179.731;-242.246;
6.785;-1570.694;-304.761;-312.576;
6.795;-914.284;-289.132;-179.731;
6.805;-421.977;-242.246;-23.443;
6.814;-125.030;-125.030;15.628;
6.823;54.700;-78.144;31.257;
6.833;93.772;-125.030;-132.844;
6.842;46.886;-85.958;-171.916;
6.851;15.628;0.000;-273.503;
6.861;23.443;132.844;-461.049;
6.87;23.443;218.803;-570.451;
6.879;39.072;125.030;-672.038;
6.888;46.886;0.000;-773.625;
6.897;7.814;31.257;-734.553;
6.907;-187.545;148.473;-375.091;
6.917;-132.844;453.235;-15.628;
6.927;-312.576;1242.489;476.678;
6.937;-1117.459;2336.505;1726.982;
6.948;-1484.736;1609.766;1859.827;
6.958;-1281.561;984.614;1453.478;
6.968;-320.390;875.212;1945.785;
6.978;-609.523;632.966;1656.652;
6.988;-3985.343;-554.822;-2602.195;
6.999;-2359.948;-1969.228;-1312.819;
7.01;343.833;-3086.687;-3282.048;
7.02;2023.929;-3219.532;742.368;
7.03;1219.046;-421.977;570.451;
7.04;-15.628;-1289.375;-1414.406;
7.051;-1179.974;-179.731;-1547.251;
7.062;-3649.324;-39.072;-945.542;
7.072;-3985.343;-640.780;-765.811;
7.081;-1906.713;0.000;-46.886;
7.091;-1430.035;-70.329;-914.284;
7.101;-1711.353;187.545;-359.462;
7.111;-2883.513;609.523;-15.628;
7.121;-3219.532;828.326;117.216;
7.131;-3133.574;883.027;359.462;
7.141;-2680.339;828.326;476.678;
7.151;-2297.433;562.636;789.254;
7.161;-1820.755;226.617;992.428;
7.171;-1711.353;-132.844;1023.686;
7.182;-1484.736;-210.988;1172.160;
7.192;-1023.686;-351.648;1164.345;
7.202;-718.924;-93.772;820.512;
7.211;-718.924;429.792;289.132;
7.221;-664.223;914.284;-109.401;
7.232;-429.792;1047.129;-195.360;
7.241;-289.132;992.428;-109.401;
7.251;-148.473;875.212;109.401;
7.261;-109.401;695.481;203.174;
7.27;-203.174;500.121;203.174;
7.28;-296.947;351.648;328.204;
7.29;-289.132;117.216;476.678;
7.3;-187.545;-179.731;437.606;
7.31;-109.401;-328.204;375.091;
7.319;-78.144;-242.246;218.803;
7.329;-210.988;-148.473;-195.360;
7.339;-672.038;273.503;-609.523;
7.35;-1297.190;828.326;-453.235;
7.359;-3477.408;843.955;93.772;
7.369;-3985.343;0.000;-562.636;
7.379;-1969.228;93.772;437.606;
7.389;-1914.528;-39.072;421.977;
7.399;-2125.516;-203.174;179.731;
7.409;-2414.649;-171.916;203.174;
7.419;-2789.740;-101.587;46.886;
7.429;-2594.380;-375.091;-70.329;
7.439;-2125.516;-351.648;-218.803;
7.45;-1469.107;-359.462;-93.772;
7.459;-843.955;-242.246;-7.814;
7.469;-336.019;-171.916;132.844;
7.479;-78.144;-273.503;210.988;
7.488;-31.257;-320.390;46.886;
7.498;101.587;-312.576;-46.886;
7.508;39.072;-195.360;-218.803;
7.517;23.443;-148.473;-179.731;
7.527;15.628;-46.886;-289.132;
7.537;-23.443;-62.515;-336.019;
7.546;-15.628;-7.814;-453.235;
7.556;-31.257;-15.628;-601.708;
7.565;-148.473;62.515;-687.667;
7.575;-312.576;265.689;-429.792;
7.585;-359.462;625.152;-31.257;
7.595;-656.409;1695.724;375.091;
7.605;-1570.694;3203.904;1680.096;
7.616;-1320.633;2617.823;1672.281;
7.626;-1140.902;1453.478;875.212;
7.636;-265.689;804.883;922.099;
7.645;1265.932;414.163;-39.072;
7.656;1508.179;-820.512;-2461.536;
7.667;-2297.433;-2023.929;-2086.444;
7.677;-3242.976;31.257;3961.900;
7.687;-2203.660;-1297.190;820.512;
7.698;1109.644;-3117.945;-1844.198;
7.708;1766.054;-2328.691;-414.163;
7.718;797.068;-109.401;-406.348;
7.728;-531.379;-507.936;-1555.065;
7.739;-1891.084;164.102;-773.625;
7.748;-3117.945;0.000;-914.284;
7.759;-3485.222;179.731;-1031.500;
7.769;-1703.539;500.121;-695.481;
7.779;-1726.982;359.462;-648.595;
7.789;-2414.649;406.348;-54.700;
7.799;-2985.100;484.492;210.988;
7.809;-2735.040;328.204;296.947;
7.819;-2445.907;390.720;547.007;
7.829;-2305.248;226.617;859.584;
7.838;-2031.744;78.144;922.099;
7.848;-1773.868;-117.216;922.099;
7.859;-1500.364;-218.803;1008.057;
7.869;-1226.860;-117.216;1039.315;
7.879;-914.284;54.700;851.769;
7.888;-656.409;234.432;461.049;
7.898;-617.337;672.038;54.700;
7.908;-570.451;1117.459;-132.844;
7.918;-484.492;1219.046;-242.246;
7.928;-281.318;1039.315;-39.072;
7.938;-187.545;797.068;187.545;
7.947;-257.875;554.822;171.916;
7.957;-359.462;336.019;78.144;
7.966;-328.204;257.875;359.462;
7.976;-226.617;101.587;734.553;
7.986;-226.617;-109.401;421.977;
7.996;-554.822;-117.216;-242.246;
8.006;-976.800;195.360;-171.916;
8.016;-2352.134;320.390;15.628;
8.026;-3985.343;-515.750;-351.648;
8.037;-2203.660;-351.648;218.803;
8.047;-1617.580;-125.030;390.720;
8.057;-1961.414;-179.731;343.833;
8.067;-2492.793;-273.503;210.988;
8.077;-2813.184;-203.174;85.958;
8.087;-2735.040;-265.689;-23.443;
8.098;-2539.680;-382.905;-281.318;
8.108;-2148.959;-468.864;-445.420;
8.118;-1695.724;-406.348;-437.606;
8.129;-1047.129;-265.689;-226.617;
8.139;-547.007;-210.988;-85.958;
8.149;-203.174;-164.102;-171.916;
8.159;54.700;-171.916;-117.216;
8.168;421.977;-46.886;-289.132;
8.178;539.193;31.257;-250.060;
8.187;523.564;117.216;-273.503;
8.197;304.761;203.174;-296.947;
8.207;148.473;210.988;-382.905;
8.216;-39.072;78.144;-437.606;
8.226;-265.689;15.628;-461.049;
8.236;-507.936;148.473;-281.318;
8.246;-632.966;367.276;-101.587;
8.256;-757.996;1000.243;109.401;
8.266;-1148.716;2211.475;672.038;
8.276;-1070.572;2742.854;1101.830;
8.286;-883.027;1672.281;656.409;
8.296;-507.936;742.368;531.379;
8.305;375.091;117.216;664.223;
8.315;968.985;-148.473;-101.587;
8.326;-703.296;-1398.777;-1641.024;
8.336;-3594.624;-922.099;828.326;
8.347;-1648.838;-2305.248;1281.561;
8.357;328.204;-2281.804;-1070.572;
8.368;1281.561;-2359.948;-687.667;
8.377;242.246;-797.068;-718.924;
8.388;-742.368;-390.720;-1219.046;
8.397;-2086.444;0.000;-883.027;
8.407;-2531.865;-7.814;-742.368;
8.418;-3008.544;-273.503;-859.584;
8.428;-1820.755;179.731;-640.780;
8.438;-1469.107;132.844;-718.924;
8.448;-1781.683;156.288;-437.606;
8.458;-2469.350;242.246;-39.072;
8.468;-2758.483;187.545;289.132;
8.478;-2774.112;281.318;539.193;
8.488;-2602.195;304.761;812.697;
8.498;-2313.062;328.204;1086.201;
8.508;-1891.084;187.545;1078.387;
8.518;-1656.652;78.144;937.728;
8.528;-1437.849;195.360;937.728;
8.538;-1179.974;382.905;726.739;
8.548;-875.212;593.894;500.121;
8.557;-656.409;820.512;281.318;
8.567;-547.007;1023.686;101.587;
8.577;-414.163;1047.129;15.628;
8.587;-320.390;922.099;-54.700;
8.596;-195.360;750.182;-7.814;
8.605;-109.401;586.080;78.144;
8.615;-54.700;437.606;226.617;
8.624;-109.401;320.390;336.019;
8.634;-171.916;148.473;359.462;
8.644;-203.174;-46.886;242.246;
8.654;-179.731;-117.216;101.587;
8.664;-296.947;-125.030;-23.443;
8.674;-640.780;109.401;-265.689;
8.684;-1109.644;210.988;-382.905;
8.694;-2266.176;218.803;-62.515;
8.703;-3797.798;-93.772;15.628;
8.713;-2180.217;-7.814;359.462;
8.723;-1695.724;-39.072;586.080;
8.733;-2086.444;-179.731;367.276;
8.743;-2578.751;-140.659;132.844;
8.753;-2828.812;-46.886;15.628;
8.763;-2875.699;0.000;-132.844;
8.773;-2531.865;-132.844;-70.329;
8.783;-1992.671;-210.988;-31.257;
8.793;-1390.963;-265.689;39.072;
8.803;-859.584;-171.916;70.329;
8.812;-507.936;23.443;62.515;
8.821;-210.988;78.144;54.700;
8.83;-46.886;62.515;54.700;
8.839;-46.886;62.515;-46.886;
8.848;-7.814;62.515;-46.886;
8.857;-15.628;7.814;-125.030;
8.867;-156.288;46.886;-210.988;
8.876;-226.617;39.072;-421.977;
8.886;-226.617;148.473;-726.739;
8.896;-148.473;257.875;-898.656;
8.906;-101.587;273.503;-914.284;
8.915;-54.700;93.772;-812.697;
8.925;-140.659;15.628;-476.678;
8.934;-195.360;109.401;0.000;
8.944;-171.916;515.750;445.420;
8.954;-492.307;1656.652;1344.076;
8.964;-945.542;3125.760;2703.782;
8.975;-1125.273;1992.671;2109.887;
8.985;-890.841;1211.232;1281.561;
8.995;359.462;976.800;1625.395;
9.006;-2313.062;-1258.118;-1969.228;
9.016;-3985.343;-695.481;-757.996;
9.026;-609.523;-3094.502;125.030;
9.037;1453.478;-2805.369;-1930.156;
9.047;2414.649;-3305.491;-140.659;
9.058;1179.974;-586.080;-312.576;
9.068;-242.246;-562.636;-1758.239;
9.078;-2016.115;476.678;-1531.622;
9.089;-3985.343;359.462;-1328.447;
9.099;-3618.067;-304.761;-632.966;
9.11;-1594.137;-132.844;-437.606;
9.119;-1695.724;-46.886;15.628;
9.129;-2445.907;195.360;226.617;
9.139;-2469.350;437.606;320.390;
9.149;-2656.895;406.348;382.905;
9.159;-2719.411;429.792;601.708;
9.169;-2438.092;640.780;828.326;
9.179;-2164.588;398.534;812.697;
9.189;-1852.012;257.875;968.985;
9.199;-1539.436;109.401;1015.872;
9.208;-1359.705;93.772;867.398;
9.218;-1101.830;148.473;859.584;
9.228;-750.182;226.617;672.038;
9.238;-547.007;437.606;328.204;
9.247;-468.864;703.296;-39.072;
9.257;-351.648;773.625;-367.276;
9.267;-257.875;781.440;-320.390;
9.277;-140.659;820.512;31.257;
9.286;-54.700;687.667;117.216;
9.295;-31.257;468.864;125.030;
9.305;15.628;250.060;296.947;
9.314;-39.072;85.958;390.720;
9.323;-109.401;-78.144;476.678;
9.333;-195.360;-210.988;531.379;
9.343;-265.689;-140.659;382.905;
9.353;-398.534;23.443;-85.958;
9.362;-914.284;257.875;-625.152;
9.373;-1648.838;711.110;-804.883;
9.383;-3875.942;836.140;-1148.716;
9.393;-3618.067;320.390;-367.276;
9.403;-1969.228;-54.700;445.420;
9.413;-1914.528;-289.132;640.780;
9.424;-2125.516;-461.049;531.379;
9.434;-2195.846;-492.307;265.689;
9.444;-2180.217;-429.792;46.886;
9.454;-2273.990;-289.132;-164.102;
9.464;-2227.104;-93.772;-164.102;
9.474;-2016.115;148.473;-54.700;
9.484;-1617.580;210.988;-218.803;
9.495;-1047.129;187.545;-515.750;
9.504;-656.409;-15.628;-367.276;
9.514;-328.204;-132.844;7.814;
9.523;15.628;-117.216;257.875;
9.533;203.174;-70.329;390.720;
9.542;179.731;-39.072;351.648;
9.551;-7.814;-23.443;187.545;
9.561;-109.401;62.515;-39.072;
9.57;-203.174;15.628;-117.216;
9.58;-343.833;-70.329;-156.288;
9.59;-453.235;-164.102;-242.246;
9.601;-547.007;-132.844;-187.545;
9.61;-656.409;85.958;-78.144;
9.619;-632.966;750.182;93.772;
9.629;-601.708;1656.652;312.576;
9.639;-609.523;2313.062;883.027;
9.65;-1000.243;1922.342;1773.868;
9.66;-695.481;2836.627;1992.671;
9.67;265.689;1094.015;-1305.004;
9.681;-1523.807;-3813.427;-3985.343;
9.692;-476.678;-3883.756;-1515.993;
9.702;859.584;-2453.721;1414.406;
9.712;359.462;-281.318;1336.262;
9.722;-414.163;-1562.880;-1820.755;
9.733;-1484.736;-421.977;-1195.603;
9.743;-2445.907;257.875;-851.769;
9.754;-2352.134;-203.174;-343.833;
9.764;-1961.414;-578.265;15.628;
9.774;-1586.323;-437.606;-390.720;
9.784;-1789.497;179.731;-687.667;
9.794;-2305.248;750.182;-289.132;
9.804;-2703.782;765.811;156.288;
9.814;-2492.793;351.648;390.720;
9.824;-2242.732;132.844;632.966;
9.834;-2039.558;-101.587;765.811;
9.845;-1852.012;-156.288;843.955;
9.855;-1664.467;-179.731;937.728;
9.865;-1476.921;-156.288;1054.943;
9.876;-1359.705;-226.617;1156.531;
9.885;-1164.345;15.628;1023.686;
9.895;-828.326;421.977;617.337;
9.905;-664.223;726.739;179.731;
9.915;-562.636;1172.160;-210.988;
9.925;-429.792;1351.891;-437.606;
9.935;-226.617;1094.015;-398.534;
9.945;-78.144;695.481;-78.144;
9.954;-78.144;492.307;109.401;
9.964;-117.216;507.936;257.875;
9.974;-164.102;445.420;187.545;
9.984;-390.720;234.432;-210.988;
9.993;-789.254;117.216;-625.152;
10.003;-1469.107;0.000;-586.080;
10.014;-2938.214;-125.030;-273.503;
10.024;-2836.627;-296.947;328.204;
10.034;-1578.508;-242.246;695.481;
10.044;-1625.395;-179.731;672.038;
10.054;-2031.744;-234.432;421.977;
10.064;-2578.751;-226.617;117.216;
10.075;-2985.100;-140.659;-101.587;
10.085;-3000.729;-156.288;-210.988;
10.096;-2695.968;-171.916;-171.916;
10.106;-2305.248;-195.360;-234.432;
10.117;-1906.713;-312.576;-218.803;
10.127;-1523.807;-304.761;-132.844;
10.137;-742.368;-210.988;-187.545;
10.147;-484.492;-164.102;-203.174;
10.157;-289.132;-132.844;-289.132;
10.167;15.628;-85.958;-359.462;
10.177;164.102;-148.473;-296.947;
10.186;296.947;31.257;-367.276;
10.196;296.947;31.257;-367.276;
10.205;320.390;265.689;-453.235;
10.215;273.503;468.864;-414.163;
10.225;234.432;289.132;-312.576;
10.234;117.216;-7.814;-281.318;
10.244;-70.329;-164.102;-203.174;
10.254;-195.360;-164.102;132.844;
10.264;-351.648;375.091;461.049;
10.274;-757.996;1562.880;789.254;
10.284;-961.171;2328.691;1242.489;
10.294;-961.171;1758.239;1039.315;
10.304;-679.852;1422.220;1054.943;
10.314;593.894;1523.807;859.584;
10.324;1312.819;804.883;-2047.372;
10.335;-179.731;-1148.716;-3196.089;
10.345;-3985.343;-203.174;1523.807;
10.356;-3985.343;-1672.281;2250.547;
10.366;312.576;-2813.184;-2125.516;
10.376;1625.395;-1054.943;812.697;
10.387;-390.720;-1297.190;-1523.807;
10.398;-1484.736;-750.182;-750.182;
10.408;-2820.998;140.659;-617.337;
10.418;-3430.521;-7.814;-906.470;
10.428;-2070.816;617.337;-437.606;
10.438;-1398.777;312.576;-859.584;
10.448;-1734.796;382.905;-531.379;
10.458;-2305.248;390.720;-250.060;
10.468;-2672.524;406.348;15.628;
10.478;-2547.494;570.451;406.348;
10.488;-2438.092;554.822;507.936;
10.498;-2250.547;398.534;726.739;
10.508;-2000.486;273.503;875.212;
10.517;-1734.796;31.257;890.841;
10.527;-1515.993;-23.443;961.171;
10.537;-1336.262;0.000;945.542;
10.546;-1117.459;15.628;836.140;
10.556;-898.656;70.329;664.223;
10.565;-711.110;351.648;507.936;
10.575;-711.110;351.648;312.576;
10.585;-625.152;726.739;312.576;
10.594;-500.121;797.068;62.515;
10.604;-336.019;562.636;-70.329;
10.614;-226.617;375.091;-164.102;
10.623;-93.772;367.276;-54.700;
10.632;-31.257;421.977;31.257;
10.642;-39.072;406.348;179.731;
10.651;-78.144;273.503;250.060;
10.661;-117.216;187.545;343.833;
10.67;-125.030;78.144;343.833;
10.68;-171.916;-7.814;164.102;
10.689;-351.648;54.700;-93.772;
10.7;-625.152;234.432;-507.936;
10.709;-1203.417;656.409;-718.924;
10.72;-3219.532;1187.788;-218.803;
10.73;-3985.343;351.648;-812.697;
10.74;-2109.887;-31.257;-117.216;
10.75;-1711.353;-62.515;312.576;
10.76;-1703.539;-148.473;296.947;
10.77;-1672.281;-156.288;336.019;
10.78;-1875.456;-156.288;343.833;
10.791;-2063.001;-265.689;164.102;
10.801;-1992.671;-289.132;46.886;
10.81;-1797.312;-218.803;78.144;
10.821;-1547.251;-101.587;-31.257;
10.831;-1211.232;15.628;-156.288;
10.84;-922.099;70.329;-62.515;
10.85;-664.223;109.401;-93.772;
10.859;-398.534;125.030;-70.329;
10.868;-171.916;0.000;7.814;
10.877;-85.958;-23.443;-39.072;
10.887;-125.030;-15.628;-93.772;
10.897;-273.503;164.102;-171.916;
10.907;-351.648;336.019;-273.503;
10.917;-476.678;195.360;-156.288;
10.926;-484.492;0.000;-31.257;
10.935;-437.606;-7.814;296.947;
10.945;-375.091;289.132;554.822;
10.955;-382.905;976.800;586.080;
10.965;-382.905;1742.611;609.523;
10.974;-414.163;2055.187;617.337;
10.984;-421.977;2031.744;523.564;
10.994;-242.246;1734.796;523.564;
11.004;382.905;1195.603;-85.958;
11.014;-7.814;468.864;-1179.974;
11.023;-2531.865;15.628;140.659;
11.034;-3985.343;-1719.168;632.966;
11.044;-632.966;-3016.358;-648.595;
11.055;1969.228;-3985.343;-1726.982;
11.065;-54.700;-609.523;-875.212;
11.076;-1242.489;-1023.686;-1672.281;
11.086;-2524.051;765.811;-445.420;
11.096;-3196.089;437.606;-507.936;
11.106;-2352.134;351.648;-304.761;
11.117;-1430.035;226.617;-664.223;
11.127;-1508.179;343.833;-789.254;
11.137;-1930.156;554.822;-289.132;
11.147;-2477.164;687.667;-23.443;
11.157;-2359.948;617.337;304.761;
11.167;-2320.876;359.462;507.936;
11.176;-2055.187;7.814;601.708;
11.186;-2016.115;-171.916;718.924;
11.196;-1828.569;-203.174;859.584;
11.207;-1664.467;-140.659;898.656;
11.217;-1570.694;-15.628;1023.686;
11.227;-1375.334;101.587;1015.872;
11.237;-1117.459;359.462;867.398;
11.247;-797.068;617.337;632.966;
11.256;-515.750;883.027;461.049;
11.266;-398.534;984.614;210.988;
11.276;-367.276;883.027;-156.288;
11.286;-328.204;679.852;-257.875;
11.296;-257.875;484.492;-187.545;
11.305;-156.288;476.678;140.659;
11.315;-125.030;429.792;367.276;
11.325;-210.988;257.875;62.515;
11.334;-547.007;179.731;-273.503;
11.344;-961.171;171.916;-281.318;
11.354;-1711.353;132.844;-85.958;
11.364;-2883.513;46.886;54.700;
11.373;-2883.513;-78.144;93.772;
11.383;-2578.751;-78.144;93.772;
11.393;-1617.580;-31.257;328.204;
11.403;-1617.580;-156.288;265.689;
11.413;-1844.198;-164.102;85.958;
11.423;-2117.702;-7.814;-31.257;
11.432;-2328.691;7.814;-125.030;
11.443;-2258.361;-54.700;-101.587;
11.453;-2023.929;-179.731;-93.772;
11.463;-1750.425;-140.659;-109.401;
11.474;-1453.478;-101.587;-164.102;
11.483;-906.470;31.257;-140.659;
11.492;-906.470;0.000;-7.814;
11.501;-664.223;0.000;-7.814;
11.51;-445.420;0.000;-39.072;
11.519;-265.689;7.814;46.886;
11.528;-125.030;78.144;7.814;
11.537;-78.144;234.432;-93.772;
11.547;-62.515;382.905;-187.545;
11.557;15.628;296.947;-125.030;
11.565;0.000;31.257;-15.628;
11.575;-78.144;-234.432;15.628;
11.584;-265.689;-445.420;132.844;
11.594;-523.564;-257.875;281.318;
11.604;-797.068;507.936;359.462;
11.614;-1023.686;1437.849;476.678;
11.624;-1101.830;1625.395;632.966;
11.634;-867.398;1422.220;914.284;
11.644;156.288;1430.035;1109.644;
11.654;1140.902;1773.868;281.318;
11.664;984.614;273.503;-2063.001;
11.674;-2125.516;-210.988;-593.894;
11.685;-3000.729;-1672.281;-140.659;
11.696;-1859.827;-2477.164;-617.337;
11.706;586.080;-3414.892;-976.800;
11.716;492.307;-1062.758;85.958;
11.726;-421.977;-1305.004;-664.223;
11.737;-1226.860;-265.689;-640.780;
11.747;-2086.444;-257.875;-476.678;
11.757;-2539.680;-242.246;-234.432;
11.767;-2164.588;-7.814;-265.689;
11.777;-1453.478;-7.814;-945.542;
11.787;-1539.436;156.288;-750.182;
11.798;-2008.300;250.060;-632.966;
11.808;-2219.289;195.360;-562.636;
11.818;-2320.876;531.379;-164.102;
11.828;-2586.566;640.780;234.432;
11.838;-2555.308;656.409;437.606;
11.848;-2477.164;406.348;914.284;
11.858;-2211.475;117.216;984.614;
11.867;-1930.156;54.700;867.398;
11.877;-1672.281;164.102;1062.758;
11.888;-1500.364;250.060;1140.902;
11.898;-1344.076;265.689;1023.686;
11.908;-1094.015;296.947;898.656;
11.917;-828.326;351.648;734.553;
11.927;-679.852;484.492;461.049;
11.937;-523.564;664.223;54.700;
11.946;-429.792;797.068;-507.936;
11.956;-250.060;945.542;-445.420;
11.965;15.628;1000.243;0.000;
11.975;148.473;757.996;265.689;
11.984;164.102;421.977;406.348;
11.993;46.886;226.617;414.163;
12.002;-250.060;93.772;164.102;
12.012;-687.667;7.814;-226.617;
12.021;-687.667;7.814;-85.958;
12.031;-1148.716;273.503;-85.958;
12.041;-2102.073;500.121;187.545;
12.051;-3985.343;-187.545;-85.958;
12.061;-3055.430;-679.852;-7.814;
12.071;-1984.857;-398.534;312.576;
12.081;-1953.600;-304.761;179.731;
12.091;-1961.414;-328.204;156.288;
12.102;-1953.600;-390.720;140.659;
12.112;-1945.785;-492.307;-109.401;
12.123;-1703.539;-500.121;-171.916;
12.133;-1351.891;-320.390;-117.216;
12.143;-1008.057;-195.360;-93.772;
12.152;-679.852;0.000;-101.587;
12.161;-382.905;39.072;0.000;
12.17;-382.905;39.072;0.000;
12.179;-179.731;85.958;0.000;
12.189;-46.886;203.174;-62.515;
12.198;23.443;234.432;-85.958;
12.207;39.072;320.390;-140.659;
12.217;-23.443;382.905;-171.916;
12.226;-62.515;390.720;-218.803;
12.236;-54.700;398.534;-226.617;
12.246;-101.587;203.174;-187.545;
12.256;-187.545;-7.814;-140.659;
12.266;-304.761;-125.030;-15.628;
12.275;-445.420;93.772;156.288;
12.285;-578.265;820.512;320.390;
12.295;-578.265;1750.425;703.296;
12.305;-445.420;2094.259;945.542;
12.314;-132.844;1977.043;773.625;
12.324;187.545;2000.486;570.451;
12.334;-632.966;523.564;-117.216;
12.345;-2273.990;-242.246;-984.614;
12.355;-2891.328;-2399.020;-2094.259;
12.366;-539.193;-3985.343;-828.326;
12.376;961.171;-2789.740;1719.168;
12.386;718.924;-961.171;1328.447;
12.396;7.814;-2219.289;-1390.963;
12.406;-812.697;-250.060;-859.584;
12.417;-1992.671;-132.844;-562.636;
12.427;-3047.615;-15.628;-453.235;
12.437;-2508.422;54.700;-445.420;
12.447;-1461.292;328.204;-875.212;
12.457;-1422.220;586.080;-922.099;
12.467;-1773.868;687.667;-836.140;
12.477;-2063.001;586.080;-703.296;
12.488;-2453.721;742.368;-296.947;
12.497;-2680.339;797.068;0.000;
12.507;-2649.081;648.595;281.318;
12.517;-2484.979;336.019;765.811;
12.527;-2156.774;70.329;1101.830;
12.537;-1836.384;-109.401;1054.943;
12.548;-1680.096;-140.659;1140.902;
12.557;-1430.035;46.886;1211.232;
12.568;-1179.974;195.360;1039.315;
12.577;-1015.872;312.576;843.955;
12.587;-867.398;453.235;609.523;
12.597;-703.296;656.409;336.019;
12.607;-515.750;734.553;-39.072;
12.616;-242.246;804.883;-320.390;
12.626;0.000;867.398;-289.132;
12.635;101.587;820.512;-101.587;
12.644;101.587;648.595;-7.814;
12.654;-23.443;539.193;187.545;
12.663;-164.102;570.451;453.235;
12.673;-382.905;414.163;320.390;
12.683;-757.996;296.947;-39.072;
12.693;-1156.531;140.659;-7.814;
12.702;-1937.971;-164.102;0.000;
12.712;-3391.449;-367.276;140.659;
12.723;-2797.555;-648.595;421.977;
12.733;-1812.940;-421.977;539.193;
12.743;-2016.115;-250.060;351.648;
12.753;-2508.422;-140.659;132.844;
12.763;-2914.771;-179.731;-39.072;
12.774;-2883.513;-265.689;-125.030;
12.784;-2719.411;-359.462;-132.844;
12.795;-2469.350;-390.720;-257.875;
12.805;-2000.486;-328.204;-281.318;
12.815;-1476.921;-273.503;-226.617;
12.825;-961.171;-132.844;-78.144;
12.835;-468.864;-15.628;-23.443;
12.844;-203.174;0.000;-46.886;
12.853;15.628;23.443;-85.958;
12.862;78.144;-23.443;-140.659;
12.872;156.288;31.257;-328.204;
12.881;117.216;62.515;-336.019;
12.891;101.587;109.401;-414.163;
12.9;31.257;164.102;-461.049;
12.91;93.772;179.731;-609.523;
12.919;93.772;70.329;-734.553;
12.928;93.772;70.329;-734.553;
12.938;-23.443;-15.628;-726.739;
12.947;-234.432;-7.814;-445.420;
12.957;-265.689;171.916;-93.772;
12.967;-328.204;531.379;242.246;
12.977;-718.924;1344.076;836.140;
12.987;-789.254;1961.414;1695.724;
12.997;-593.894;1297.190;1687.910;
13.007;-375.091;820.512;1242.489;
13.017;609.523;-156.288;742.368;
13.027;398.534;-2352.134;-1891.084;
13.037;-3117.945;-961.171;351.648;
13.048;-1969.228;-468.864;2461.536;
13.059;-2086.444;-1812.940;-2219.289;
13.069;898.656;-1750.425;-1390.963;
13.08;-117.216;-1258.118;-1015.872;
13.09;-1398.777;-210.988;-1179.974;
13.101;-1992.671;-273.503;-632.966;
13.111;-2391.206;-125.030;-570.451;
13.122;-2461.536;-109.401;-531.379;
13.132;-1484.736;-93.772;-398.534;
13.142;-1476.921;-171.916;-429.792;
13.153;-1836.384;-148.473;-351.648;
13.163;-2492.793;148.473;-70.329;
13.172;-2969.472;421.977;23.443;
13.182;-2797.555;617.337;250.060;
13.192;-2391.206;507.936;523.564;
13.202;-2016.115;421.977;883.027;
13.212;-1773.868;156.288;1023.686;
13.222;-1625.395;7.814;1015.872;
13.231;-1437.849;54.700;883.027;
13.241;-1117.459;203.174;687.667;
13.251;-883.027;296.947;476.678;
13.261;-703.296;515.750;359.462;
13.27;-593.894;789.254;187.545;
13.28;-500.121;961.171;54.700;
13.289;-406.348;968.985;0.000;
13.298;-265.689;922.099;39.072;
13.309;-265.689;922.099;39.072;
13.317;-210.988;898.656;203.174;
13.327;-148.473;679.852;398.534;
13.337;-179.731;437.606;429.792;
13.347;-250.060;218.803;421.977;
13.356;-281.318;-39.072;164.102;
13.366;-257.875;-132.844;218.803;
13.376;-312.576;-179.731;140.659;
13.386;-656.409;-54.700;-226.617;
13.396;-1094.015;46.886;-218.803;
13.405;-2219.289;7.814;85.958;
13.415;-3344.563;-312.576;117.216;
13.425;-2109.887;-210.988;250.060;
13.435;-1703.539;-7.814;437.606;
13.445;-2133.331;62.515;312.576;
13.454;-2656.895;7.814;140.659;
13.464;-2922.585;31.257;-62.515;
13.474;-2883.513;156.288;-148.473;
13.484;-2524.051;140.659;-125.030;
13.494;-2070.816;85.958;-101.587;
13.504;-1641.024;125.030;-156.288;
13.515;-1156.531;156.288;-156.288;
13.524;-695.481;117.216;-39.072;
13.533;-351.648;46.886;7.814;
13.543;-109.401;-15.628;-31.257;
13.553;-31.257;-117.216;-46.886;
13.563;-78.144;-195.360;-156.288;
13.573;-164.102;-281.318;-257.875;
13.584;-203.174;-164.102;-492.307;
13.593;-218.803;-78.144;-742.368;
13.602;-117.216;54.700;-859.584;
13.612;62.515;125.030;-836.140;
13.621;210.988;70.329;-797.068;
13.631;203.174;-179.731;-531.379;
13.641;54.700;-125.030;-62.515;
13.649;46.886;78.144;406.348;
13.659;0.000;539.193;1031.500;
13.669;-453.235;1961.414;2438.092;
13.679;-195.360;2813.184;2789.740;
13.689;-85.958;2047.372;1531.622;
13.698;54.700;1125.273;539.193;
13.708;-414.163;562.636;-500.121;
13.719;-3985.343;-515.750;-961.171;
13.729;-3664.953;164.102;1219.046;
13.74;-164.102;-2445.907;-1812.940;
13.75;1836.384;-2805.369;-711.110;
13.76;1703.539;-1680.096;648.595;
13.77;609.523;-62.515;-109.401;
13.78;-687.667;-203.174;-1977.043;
13.79;-2336.505;7.814;-625.152;
13.8;-3985.343;-515.750;-515.750;
13.811;-2422.464;-195.360;-203.174;
13.82;-1336.262;7.814;-461.049;
13.83;-1547.251;31.257;-445.420;
13.84;-2008.300;125.030;-101.587;
13.851;-2516.236;390.720;-140.659;
13.861;-2539.680;531.379;-31.257;
13.869;-2500.608;492.307;54.700;
13.879;-2281.804;539.193;382.905;
13.89;-2070.816;507.936;625.152;
13.9;-1781.683;367.276;812.697;
13.91;-1555.065;296.947;843.955;
13.92;-1226.860;289.132;781.440;
13.929;-945.542;265.689;672.038;
13.939;-687.667;257.875;547.007;
13.949;-578.265;375.091;312.576;
13.959;-531.379;632.966;187.545;
13.968;-461.049;859.584;46.886;
13.978;-421.977;867.398;-23.443;
13.987;-359.462;867.398;15.628;
13.997;-359.462;750.182;109.401;
14.006;-250.060;750.182;109.401;
14.016;-242.246;547.007;195.360;
14.026;-273.503;406.348;265.689;
14.036;-234.432;265.689;312.576;
14.045;-187.545;109.401;367.276;
14.054;-273.503;-62.515;148.473;
14.065;-750.182;23.443;-218.803;
14.074;-1476.921;148.473;-39.072;
14.085;-3985.343;-453.235;39.072;
14.095;-3578.995;-836.140;437.606;
14.105;-1789.497;-343.833;750.182;
14.115;-1891.084;-296.947;656.409;
14.124;-2383.392;-500.121;367.276;
14.135;-2688.153;-531.379;31.257;
14.145;-2742.854;-336.019;-54.700;
14.155;-2641.267;-296.947;39.072;
14.165;-2320.876;-304.761;132.844;
14.176;-1836.384;-179.731;-31.257;
14.186;-1367.520;23.443;-242.246;
14.195;-922.099;226.617;-359.462;
14.204;-547.007;304.761;-273.503;
14.215;-296.947;398.534;-289.132;
14.225;-109.401;382.905;-257.875;
14.235;-62.515;203.174;-250.060;
14.245;-70.329;-62.515;-210.988;
14.254;85.958;-125.030;-398.534;
14.264;62.515;-101.587;-523.564;
14.273;-23.443;-15.628;-547.007;
14.283;15.628;-85.958;-476.678;
14.293;85.958;-320.390;-359.462;
14.303;140.659;-390.720;-328.204;
14.312;-7.814;-85.958;-187.545;
14.321;-70.329;320.390;-46.886;
14.331;-93.772;664.223;343.833;
14.341;-453.235;1273.747;1273.747;
14.351;-820.512;1891.084;2078.630;
14.36;-359.462;1500.364;1906.713;
14.371;-39.072;1242.489;1203.417;
14.381;890.841;343.833;15.628;
14.39;515.750;-1945.785;-2273.990;
14.4;-3985.343;-843.955;679.852;
14.411;-3985.343;1852.012;3016.358;
14.422;-703.296;-2133.331;-1844.198;
14.433;1641.024;-1125.273;-2047.372;
14.443;1281.561;-820.512;-414.163;
14.452;500.121;1125.273;-85.958;
14.463;-500.121;148.473;-1250.304;
14.472;-1547.251;187.545;-859.584;
14.484;-3657.139;-593.894;-648.595;
14.494;-2985.100;-453.235;-78.144;
14.503;-1367.520;-398.534;-54.700;
14.513;-1515.993;-218.803;54.700;
14.522;-2133.331;54.700;23.443;
14.532;-2422.464;289.132;31.257;
14.542;-2219.289;414.163;156.288;
14.553;-2320.876;476.678;195.360;
14.562;-2156.774;367.276;304.761;
14.573;-2031.744;343.833;554.822;
14.581;-1836.384;218.803;883.027;
14.592;-1641.024;148.473;953.356;
14.601;-1422.220;171.916;929.913;
14.611;-1148.716;226.617;797.068;
14.621;-890.841;336.019;562.636;
14.632;-664.223;437.606;312.576;
14.64;-515.750;578.265;39.072;
14.65;-367.276;781.440;-195.360;
14.66;-296.947;898.656;-250.060;
14.67;-218.803;890.841;-171.916;
14.68;-210.988;757.996;62.515;
14.689;-234.432;554.822;296.947;
14.699;-265.689;429.792;367.276;
14.709;-250.060;312.576;375.091;
14.719;-273.503;140.659;179.731;
14.729;-648.595;117.216;-273.503;
14.737;-945.542;320.390;-70.329;
14.747;-1828.569;179.731;179.731;
14.758;-3399.264;-187.545;164.102;
14.769;-3039.801;-351.648;257.875;
14.779;-1805.126;-273.503;554.822;
14.788;-1805.126;-320.390;468.864;
14.799;-2086.444;-375.091;164.102;
14.809;-2266.176;-281.318;-46.886;
14.819;-2289.619;-226.617;-54.700;
14.829;-2313.062;-242.246;-54.700;
14.839;-2094.259;-140.659;-78.144;
14.849;-1726.982;-54.700;-187.545;
14.86;-1312.819;109.401;-296.947;
14.869;-883.027;242.246;-234.432;
14.879;-547.007;273.503;-140.659;
14.889;-273.503;312.576;-132.844;
14.899;-93.772;296.947;-85.958;
14.909;-31.257;218.803;-101.587;
14.918;-46.886;15.628;-125.030;
14.927;46.886;-23.443;-203.174;
14.936;62.515;15.628;-328.204;
14.946;-39.072;156.288;-320.390;
14.956;-164.102;148.473;-328.204;
14.966;-132.844;-31.257;-304.761;
14.976;-101.587;-226.617;-289.132;
14.986;-281.318;-171.916;-125.030;
14.996;-359.462;117.216;-23.443;
15.005;-421.977;765.811;210.988;
15.016;-984.614;1789.497;1172.160;
15.026;-1062.758;2148.959;2039.558;
15.036;-726.739;1297.190;1609.766;
15.047;-218.803;1179.974;1875.456;
15.056;-750.182;773.625;1797.312;
15.067;-2602.195;-1140.902;-992.428;
15.078;-2860.070;-1453.478;-1641.024;
15.089;242.246;-1992.671;-1125.273;
15.099;1219.046;-1258.118;-523.564;
15.109;1281.561;-281.318;117.216;
15.119;406.348;-234.432;-703.296;
15.129;-554.822;765.811;-1054.943;
15.139;-1781.683;226.617;-1086.201;
15.15;-3117.945;-484.492;-500.121;
15.16;-2742.854;-265.689;-179.731;
15.17;-1414.406;-62.515;-406.348;
15.181;-1031.500;-101.587;-257.875;
15.191;-1336.262;-351.648;-250.060;
15.202;-1742.611;-296.947;-125.030;
15.211;-2188.031;132.844;15.628;
15.221;-2680.339;367.276;-46.886;
15.231;-2570.937;539.193;15.628;
15.241;-2273.990;625.152;140.659;
15.251;-2008.300;523.564;414.163;
15.261;-1828.569;382.905;539.193;
15.27;-1789.497;312.576;687.667;
15.28;-1586.323;257.875;812.697;
15.29;-1375.334;296.947;906.470;
15.3;-1203.417;414.163;750.182;
15.31;-992.428;593.894;570.451;
15.319;-781.440;648.595;461.049;
15.329;-640.780;797.068;390.720;
15.339;-507.936;867.398;187.545;
15.348;-398.534;828.326;39.072;
15.358;-304.761;734.553;23.443;
15.368;-203.174;617.337;140.659;
15.377;-156.288;453.235;195.360;
15.387;-171.916;304.761;351.648;
15.396;-171.916;210.988;351.648;
15.406;-195.360;187.545;140.659;
15.415;-406.348;23.443;0.000;
15.425;-883.027;203.174;-281.318;
15.435;-1680.096;296.947;-101.587;
15.445;-3696.211;-257.875;-46.886;
15.456;-3102.316;-570.451;296.947;
15.466;-1680.096;-281.318;648.595;
15.476;-1773.868;-156.288;547.007;
15.486;-2227.104;-242.246;257.875;
15.496;-2633.452;-250.060;93.772;
15.506;-2774.112;-226.617;7.814;
15.516;-2680.339;-343.833;-164.102;
15.527;-2320.876;-320.390;-187.545;
15.537;-1914.528;-210.988;-218.803;
15.547;-1476.921;0.000;-203.174;
15.556;-1023.686;15.628;-78.144;
15.566;-679.852;132.844;-125.030;
15.576;-375.091;101.587;-93.772;
15.586;-140.659;117.216;-132.844;
15.595;-23.443;-7.814;-140.659;
15.605;-46.886;-171.916;-132.844;
15.615;23.443;-101.587;-250.060;
15.625;70.329;-140.659;-328.204;
15.635;-15.628;-148.473;-343.833;
15.644;31.257;-257.875;-328.204;
15.654;7.814;-312.576;-336.019;
15.663;23.443;-164.102;-351.648;
15.673;-117.216;195.360;-210.988;
15.683;-257.875;640.780;-140.659;
15.693;-437.606;875.212;203.174;
15.703;-1047.129;1398.777;1015.872;
15.714;-1031.500;1891.084;1859.827;
15.725;-656.409;1508.179;1469.107;
15.733;-46.886;1156.531;734.553;
15.744;1312.819;-203.174;-664.223;
15.754;1805.126;-2539.680;-2453.721;
15.765;-1031.500;-992.428;-429.792;
15.775;-2453.721;3117.945;3578.995;
15.785;-3618.067;-468.864;679.852;
15.796;-1054.943;-1750.425;-2992.915;
15.807;875.212;-1187.788;-1164.345;
15.816;195.360;-265.689;351.648;
15.826;-554.822;156.288;-406.348;
15.837;-1000.243;-445.420;-875.212;
15.847;-1367.520;-140.659;-547.007;
15.858;-2102.073;-210.988;-593.894;
15.869;-2399.020;-164.102;-484.492;
15.879;-1641.024;-125.030;-375.091;
15.89;-1687.910;-312.576;-367.276;
15.9;-1742.611;-406.348;-93.772;
15.91;-2063.001;-187.545;7.814;
15.919;-2492.793;-101.587;0.000;
15.929;-2524.051;187.545;187.545;
15.939;-2367.763;390.720;289.132;
15.949;-2117.702;507.936;492.307;
15.958;-1875.456;382.905;586.080;
15.969;-1758.239;375.091;672.038;
15.979;-1523.807;336.019;703.296;
15.989;-1242.489;312.576;679.852;
15.998;-1054.943;421.977;570.451;
16.007;-898.656;578.265;398.534;
16.018;-757.996;781.440;234.432;
16.028;-648.595;883.027;148.473;
16.037;-648.595;914.284;132.844;
16.046;-617.337;859.584;54.700;
16.056;-554.822;750.182;7.814;
16.064;-406.348;687.667;85.958;
16.076;-234.432;632.966;117.216;
16.085;-132.844;578.265;171.916;
16.094;-70.329;515.750;234.432;
16.103;-132.844;398.534;15.628;
16.113;-453.235;203.174;-242.246;
16.124;-804.883;187.545;-437.606;
16.133;-1305.004;39.072;-500.121;
16.143;-1992.671;-31.257;-156.288;
16.153;-2524.051;-15.628;320.390;
16.163;-2117.702;-312.576;656.409;
16.174;-1726.982;-523.564;757.996;
16.184;-1766.054;-507.936;539.193;
16.194;-2023.929;-328.204;148.473;
16.204;-2219.289;-171.916;70.329;
16.213;-2469.350;0.000;31.257;
16.222;-2492.793;78.144;31.257;
16.232;-2227.104;23.443;-54.700;
16.242;-1844.198;0.000;-179.731;
16.252;-1297.190;-70.329;-132.844;
16.262;-914.284;-78.144;-39.072;
16.271;-601.708;-7.814;31.257;
16.28;-601.708;-7.814;31.257;
16.289;-367.276;-70.329;54.700;
16.3;-289.132;-179.731;-125.030;
16.31;-296.947;-289.132;-171.916;
16.32;-250.060;-390.720;-171.916;
16.33;-140.659;-187.545;-336.019;
16.34;-93.772;-234.432;-382.905;
16.349;7.814;-203.174;-507.936;
16.359;171.916;-203.174;-539.193;
16.369;203.174;-304.761;-476.678;
16.379;148.473;-218.803;-390.720;
16.389;-132.844;148.473;-234.432;
16.399;-375.091;539.193;-70.329;
16.409;-531.379;1133.088;437.606;
16.419;-1117.459;2352.134;1648.838;
16.429;-1086.201;3024.172;2195.846;
16.44;-789.254;2070.816;1078.387;
16.449;-54.700;953.356;-359.462;
16.459;992.428;-968.985;-906.470;
16.47;-1773.868;-1390.963;-1289.375;
16.481;-3430.521;2680.339;3414.892;
16.491;-2445.907;-922.099;-562.636;
16.501;648.595;-1930.156;-648.595;
16.511;296.947;-1125.273;695.481;
16.521;-289.132;-343.833;-304.761;
16.532;-976.800;-375.091;-703.296;
16.542;-1992.671;-343.833;-625.152;
16.552;-2602.195;-421.977;-273.503;
16.563;-2063.001;-312.576;-164.102;
16.573;-1547.251;54.700;-203.174;
16.583;-1586.323;31.257;-125.030;
16.591;-1664.467;0.000;7.814;
16.601;-1719.168;39.072;109.401;
16.611;-1984.857;93.772;78.144;
16.62;-1984.857;187.545;54.700;
16.63;-2031.744;203.174;54.700;
16.64;-1797.312;156.288;281.318;
16.65;-1648.838;203.174;367.276;
16.66;-1617.580;171.916;429.792;
16.67;-1609.766;273.503;445.420;
16.679;-1562.880;406.348;523.564;
16.689;-1437.849;617.337;476.678;
16.699;-1351.891;750.182;398.534;
16.709;-1211.232;898.656;289.132;
16.719;-890.841;984.614;218.803;
16.728;-640.780;922.099;148.473;
16.738;-500.121;812.697;70.329;
16.747;-382.905;687.667;31.257;
16.757;-273.503;500.121;93.772;
16.766;-218.803;382.905;218.803;
16.776;-250.060;304.761;289.132;
16.786;-281.318;250.060;382.905;
16.795;-289.132;234.432;148.473;
16.805;-523.564;140.659;-62.515;
16.815;-812.697;367.276;-304.761;
16.825;-1461.292;336.019;-281.318;
16.835;-2328.691;125.030;-31.257;
16.845;-2602.195;-15.628;101.587;
16.855;-1961.414;-304.761;390.720;
16.866;-1641.024;-445.420;609.523;
16.876;-1601.952;-492.307;492.307;
16.886;-1672.281;-390.720;203.174;
16.896;-1812.940;-265.689;117.216;
16.906;-2000.486;-70.329;70.329;
16.915;-2031.744;70.329;-7.814;
16.925;-1859.827;203.174;-132.844;
16.936;-1562.880;195.360;-218.803;
16.946;-1250.304;234.432;-203.174;
16.955;-937.728;156.288;7.814;
16.964;-773.625;117.216;54.700;
16.974;-578.265;101.587;78.144;
16.983;-468.864;132.844;7.814;
16.992;-406.348;109.401;-46.886;
17.001;-382.905;-7.814;0.000;
17.011;-281.318;-15.628;-109.401;
17.021;-265.689;-117.216;-109.401;
17.031;-210.988;-148.473;-78.144;
17.041;-179.731;-234.432;39.072;
17.051;-125.030;-281.318;85.958;
17.06;-109.401;-242.246;54.700;
17.07;-296.947;-62.515;39.072;
17.079;-492.307;203.174;23.443;
17.089;-492.307;203.174;242.246;
17.099;-601.708;523.564;218.803;
17.109;-890.841;1023.686;703.296;
17.119;-1086.201;1695.724;1297.190;
17.129;-929.913;1703.539;1070.572;
17.139;-468.864;1234.675;398.534;
17.149;257.875;773.625;382.905;
17.158;1234.675;187.545;-351.648;
17.168;570.451;-562.636;-640.780;
17.178;-2031.744;-648.595;148.473;
17.189;-3985.343;1703.539;3696.211;
17.2;-2094.259;-1305.004;-781.440;
17.21;328.204;-875.212;-718.924;
17.219;-242.246;-390.720;156.288;
17.229;-554.822;-7.814;-515.750;
17.239;-554.822;-7.814;-734.553;
17.249;-1054.943;-7.814;-734.553;
17.259;-1687.910;179.731;-562.636;
17.269;-2375.577;-132.844;31.257;
17.278;-2023.929;-62.515;62.515;
17.288;-1547.251;-93.772;78.144;
17.298;-1492.550;-7.814;296.947;
17.308;-1508.179;-15.628;289.132;
17.318;-1422.220;-46.886;320.390;
17.327;-1375.334;7.814;171.916;
17.336;-1398.777;39.072;85.958;
17.346;-1422.220;132.844;101.587;
17.356;-1398.777;265.689;117.216;
17.366;-1351.891;351.648;148.473;
17.376;-1390.963;461.049;187.545;
17.386;-1422.220;625.152;226.617;
17.396;-1383.148;765.811;320.390;
17.406;-1273.747;906.470;328.204;
17.416;-1203.417;968.985;421.977;
17.426;-1031.500;929.913;453.235;
17.435;-890.841;804.883;539.193;
17.445;-773.625;609.523;461.049;
17.455;-687.667;453.235;289.132;
17.464;-492.307;296.947;296.947;
17.475;-296.947;78.144;273.503;
17.483;-179.731;-78.144;367.276;
17.493;-140.659;-132.844;390.720;
17.503;-156.288;-125.030;78.144;
17.513;-421.977;-70.329;-304.761;
17.523;-726.739;343.833;-296.947;
17.533;-1437.849;453.235;-109.401;
17.543;-2531.865;539.193;132.844;
17.553;-2992.915;78.144;148.473;
17.563;-1945.785;-226.617;445.420;
17.573;-1383.148;-343.833;461.049;
17.583;-1179.974;-382.905;218.803;
17.593;-1273.747;-210.988;23.443;
17.602;-1453.478;7.814;31.257;
17.612;-1687.910;156.288;-7.814;
17.622;-1859.827;203.174;-39.072;
17.632;-1758.239;257.875;-218.803;
17.642;-1484.736;265.689;-375.091;
17.652;-1172.160;304.761;-328.204;
17.662;-937.728;281.318;-226.617;
17.672;-750.182;289.132;-156.288;
17.682;-617.337;273.503;-78.144;
17.692;-547.007;296.947;-54.700;
17.701;-523.564;234.432;-7.814;
17.71;-468.864;62.515;132.844;
17.72;-336.019;-132.844;101.587;
17.73;-328.204;-171.916;289.132;
17.74;-390.720;-132.844;351.648;
17.75;-390.720;-78.144;320.390;
17.76;-367.276;-23.443;281.318;
17.769;-421.977;54.700;312.576;
17.779;-515.750;265.689;398.534;
17.788;-687.667;492.307;461.049;
17.798;-883.027;687.667;617.337;
17.808;-1039.315;851.769;843.955;
17.818;-1015.872;1023.686;1000.243;
17.828;-648.595;1070.572;718.924;
17.838;-125.030;554.822;336.019;
17.848;-226.617;-726.739;-570.451;
17.859;-1430.035;-1219.046;210.988;
17.869;-2547.494;-109.401;1812.940;
17.879;-1383.148;-226.617;1437.849;
17.889;-132.844;-140.659;31.257;
17.899;359.462;234.432;-593.894;
17.909;-109.401;1039.315;-453.235;
17.919;-820.512;1336.262;-101.587;
17.929;-1625.395;789.254;-203.174;
17.94;-1758.239;539.193;-664.223;
17.949;-1742.611;679.852;234.432;
17.96;-1359.705;195.360;-203.174;
17.97;-1023.686;-7.814;-265.689;
17.979;-1015.872;85.958;-31.257;
17.989;-1164.345;125.030;46.886;
17.998;-1258.118;93.772;0.000;
18.008;-1187.788;140.659;54.700;
18.017;-1234.675;226.617;46.886;
18.027;-1219.046;320.390;-15.628;
18.037;-1156.531;281.318;-7.814;
18.047;-1156.531;195.360;70.329;
18.056;-1140.902;195.360;70.329;
18.066;-1125.273;101.587;62.515;
18.076;-1086.201;31.257;101.587;
18.085;-1078.387;23.443;93.772;
18.095;-1070.572;62.515;31.257;
18.104;-1023.686;171.916;-7.814;
18.114;-1039.315;273.503;-39.072;
18.124;-1023.686;328.204;-46.886;
18.134;-1031.500;414.163;-85.958;
18.144;-992.428;461.049;-101.587;
18.154;-953.356;429.792;-156.288;
18.164;-898.656;429.792;-164.102;
18.174;-906.470;367.276;-156.288;
18.183;-929.913;273.503;-85.958;
18.193;-953.356;171.916;-46.886;
18.203;-953.356;101.587;-23.443;
18.212;-984.614;46.886;0.000;
18.221;-953.356;7.814;-15.628;
18.23;-922.099;15.628;-31.257;
18.24;-922.099;23.443;-78.144;
18.249;-906.470;62.515;-109.401;
18.259;-906.470;85.958;-109.401;
18.269;-890.841;148.473;-109.401;
18.279;-890.841;148.473;-164.102;
18.289;-898.656;171.916;-179.731;
18.299;-968.985;187.545;-171.916;
18.309;-1015.872;203.174;-140.659;
18.319;-1023.686;164.102;-85.958;
18.329;-1008.057;171.916;-54.700;
18.338;-1015.872;164.102;-78.144;
18.348;-1015.872;164.102;-78.144;
18.358;-992.428;156.288;-39.072;
18.367;-984.614;125.030;-7.814;
18.377;-992.428;109.401;31.257;
18.386;-1008.057;125.030;23.443;
18.396;-1031.500;54.700;-23.443;
18.406;-1086.201;39.072;-23.443;
18.415;-1086.201;39.072;-7.814;
18.425;-1125.273;93.772;-7.814;
18.434;-1164.345;164.102;15.628;
18.444;-1250.304;250.060;46.886;
18.454;-1359.705;289.132;62.515;
18.463;-1359.705;257.875;78.144;
18.473;-1289.375;218.803;101.587;
18.483;-1226.860;148.473;109.401;
18.493;-1164.345;117.216;93.772;
18.502;-1140.902;62.515;46.886;
18.512;-1109.644;7.814;31.257;
18.521;-1086.201;-39.072;15.628;
18.531;-1031.500;-70.329;7.814;
18.541;-984.614;-109.401;-23.443;
18.55;-945.542;-101.587;-54.700;
18.56;-922.099;-54.700;-93.772;
18.57;-922.099;-39.072;-109.401;
18.58;-945.542;-7.814;-117.216;
18.589;-945.542;85.958;-164.102;
18.599;-914.284;179.731;-250.060;
18.609;-898.656;210.988;-351.648;
18.619;-922.099;187.545;-437.606;
18.629;-992.428;148.473;-445.420;
18.639;-1015.872;117.216;-398.534;
18.649;-1047.129;78.144;-312.576;
18.659;-1070.572;31.257;-218.803;
18.669;-1062.758;-39.072;-117.216;
18.679;-1031.500;-62.515;-54.700;
18.689;-992.428;-117.216;-31.257;
18.699;-945.542;-140.659;-39.072;
18.709;-922.099;-140.659;-62.515;
18.719;-929.913;-156.288;-109.401;
18.729;-961.171;-140.659;-148.473;
18.74;-1015.872;-171.916;-148.473;
18.75;-1086.201;-226.617;-171.916;
18.76;-1109.644;-265.689;-164.102;
18.771;-1101.830;-281.318;-156.288;
18.781;-1054.943;-273.503;-132.844;
18.791;-1031.500;-281.318;-62.515;
18.801;-1023.686;-289.132;23.443;
18.811;-1008.057;-312.576;109.401;
18.822;-1008.057;-320.390;164.102;
18.832;-1000.243;-304.761;164.102;
18.842;-1000.243;-304.761;148.473;
18.852;-1000.243;-273.503;109.401;
18.862;-984.614;-226.617;85.958;
18.872;-976.800;-195.360;62.515;
18.881;-968.985;-156.288;62.515;
18.891;-976.800;-132.844;54.700;
18.901;-961.171;-70.329;39.072;
18.91;-937.728;-39.072;39.072;
18.919;-929.913;-7.814;31.257;
18.928;-953.356;0.000;31.257;
18.937;-1000.243;15.628;54.700;
18.947;-1031.500;31.257;70.329;
18.956;-1047.129;31.257;23.443;
18.965;-1015.872;7.814;7.814;
18.974;-961.171;7.814;23.443;
18.983;-961.171;7.814;23.443;
18.992;-929.913;23.443;70.329;
19.001;-914.284;-7.814;54.700;
19.01;-898.656;-15.628;31.257;
19.02;-914.284;-7.814;31.257;
19.029;-929.913;-7.814;-7.814;
19.038;-953.356;-39.072;-46.886;
19.048;-976.800;-46.886;-23.443;
19.057;-992.428;-93.772;0.000;
19.067;-961.171;-140.659;31.257;
19.076;-937.728;-210.988;93.772;
19.086;-906.470;-250.060;140.659;
19.096;-890.841;-203.174;210.988;
19.106;-906.470;-101.587;250.060;
19.116;-953.356;-109.401;-7.814;
19.126;-890.841;-218.803;-273.503;
19.136;-914.284;-296.947;-367.276;
19.147;-1179.974;-101.587;-179.731;
19.157;-1500.364;226.617;140.659;
19.167;-1562.880;367.276;242.246;
19.176;-1422.220;273.503;93.772;
19.186;-1148.716;164.102;-7.814;
19.195;-922.099;15.628;7.814;
19.204;-789.254;-109.401;31.257;
19.214;-750.182;-156.288;0.000;
19.224;-750.182;-93.772;-31.257;
19.233;-828.326;-93.772;-31.257;
19.243;-976.800;31.257;-46.886;
19.253;-1109.644;140.659;-46.886;
19.263;-1125.273;234.432;-31.257;
19.272;-1062.758;250.060;-46.886;
19.282;-984.614;210.988;-46.886;
19.292;-937.728;148.473;-54.700;
19.301;-937.728;101.587;-31.257;
19.311;-984.614;70.329;-7.814;
19.32;-1015.872;31.257;-31.257;
19.33;-1031.500;15.628;-39.072;
19.339;-1000.243;7.814;-39.072;
19.349;-992.428;7.814;-54.700;
19.358;-1008.057;0.000;-31.257;
19.368;-1015.872;15.628;-23.443;
19.377;-1008.057;23.443;-15.628;
19.387;-1008.057;15.628;-23.443;
19.396;-992.428;31.257;0.000;
19.405;-1015.872;39.072;-7.814;
19.415;-1015.872;46.886;-7.814;
19.424;-992.428;23.443;-31.257;
19.433;-976.800;15.628;-62.515;
19.443;-953.356;54.700;-78.144;
19.452;-953.356;54.700;-78.144;
19.462;-953.356;39.072;-78.144;
19.471;-984.614;31.257;-62.515;
19.481;-1008.057;46.886;-54.700;
19.49;-1023.686;54.700;-31.257;
19.5;-1039.315;46.886;-15.628;
19.51;-1039.315;54.700;-31.257;
19.52;-1015.872;54.700;-23.443;
19.529;-1008.057;39.072;-23.443;
19.539;-984.614;46.886;-23.443;
19.548;-976.800;46.886;-54.700;
19.557;-976.800;54.700;-54.700;
19.567;-984.614;39.072;-62.515;
19.577;-1000.243;54.700;-39.072;
19.586;-1008.057;54.700;-31.257;
19.596;-1015.872;54.700;-31.257;
19.606;-1008.057;54.700;-23.443;
19.615;-1015.872;15.628;-31.257;
19.625;-1000.243;39.072;-54.700;
19.635;-1000.243;39.072;-46.886;
19.644;-984.614;39.072;-46.886;
19.654;-976.800;54.700;-46.886;
19.663;-992.428;62.515;-54.700;
19.673;-1008.057;78.144;-46.886;
19.682;-1008.057;46.886;-54.700;
19.692;-1000.243;54.700;-54.700;
19.702;-1000.243;39.072;-62.515;
19.711;-1008.057;23.443;-39.072;
19.721;-1000.243;39.072;-31.257;
19.731;-1000.243;31.257;-46.886;
19.74;-992.428;46.886;-46.886;
19.75;-1015.872;39.072;-62.515;
19.76;-1000.243;46.886;-62.515;
19.769;-1000.243;54.700;-54.700;
19.779;-984.614;62.515;-62.515;
19.788;-992.428;70.329;-62.515;
19.798;-1008.057;78.144;-70.329;
19.808;-1008.057;78.144;-54.700;
19.817;-1015.872;70.329;-54.700;
19.827;-1015.872;54.700;-62.515;
19.836;-992.428;31.257;-46.886;
19.846;-1015.872;39.072;-39.072;
19.855;-984.614;31.257;-46.886;
19.865;-976.800;39.072;-54.700;
19.875;-1000.243;46.886;-54.700;
19.884;-1000.243;39.072;-70.329;
19.894;-1000.243;62.515;-62.515;
19.904;-1000.243;70.329;-54.700;
19.913;-1008.057;46.886;-31.257;
19.923;-984.614;54.700;-39.072;
19.932;-1008.057;54.700;-46.886;
19.942;-1000.243;46.886;-46.886;
19.952;-992.428;54.700;-46.886;
19.961;-992.428;54.700;-46.886;
19.971;-1008.057;54.700;-39.072;
19.98;-1008.057;54.700;-39.072;
19.99;-1000.243;54.700;-39.072;
20.0;-1000.243;39.072;-31.257;
20.009;-992.428;54.700;-39.072;
20.019;-1000.243;39.072;-31.257;
20.028;-984.614;46.886;-7.814;
20.037;-992.428;39.072;-7.814;
20.046;-1008.057;31.257;-7.814;
20.056;-1008.057;39.072;-15.628;
20.066;-1000.243;46.886;-31.257;
20.076;-1000.243;54.700;-46.886;
20.085;-1000.243;62.515;-70.329;
20.095;-992.428;62.515;-70.329;
20.104;-992.428;31.257;-62.515;
20.113;-992.428;54.700;-31.257;
20.123;-1008.057;70.329;0.000;
20.132;-1015.872;93.772;-7.814;
20.142;-1015.872;70.329;-31.257;
20.151;-992.428;70.329;-15.628;
20.16;-992.428;70.329;-15.628;
20.169;-984.614;70.329;7.814;
20.179;-1008.057;85.958;-15.628;
20.188;-984.614;39.072;-7.814;
20.197;-984.614;54.700;7.814;
20.207;-976.800;70.329;7.814;
20.215;-984.614;85.958;7.814;
20.225;-1000.243;109.401;-15.628;
20.234;-992.428;109.401;-15.628;
20.244;-992.428;93.772;-15.628;
20.253;-1000.243;93.772;-15.628;
20.263;-992.428;85.958;-23.443;
20.273;-1008.057;70.329;-23.443;
20.282;-992.428;54.700;-7.814;
20.291;-992.428;62.515;-7.814;
20.3;-992.428;62.515;23.443;
20.309;-1008.057;70.329;7.814;
20.318;-1000.243;54.700;-7.814;
20.327;-992.428;39.072;7.814;
20.336;-992.428;39.072;7.814;
20.345;-976.800;23.443;7.814;
20.354;-992.428;39.072;7.814;
20.363;-1000.243;54.700;-7.814;
20.373;-1008.057;78.144;7.814;
20.382;-1000.243;70.329;-15.628;
20.391;-1008.057;62.515;0.000;
20.401;-992.428;54.700;-23.443;
20.41;-992.428;54.700;7.814;
20.419;-992.428;54.700;7.814;
20.427;-992.428;54.700;7.814;
20.436;-992.428;70.329;7.814;
