0.0;-1.000.243;-46.886;7.814
0.01;-1.000.243;-54.700;39.072
0.02;-1.008.057;-31.257;23.443
0.029;-992.428;-15.628;39.072
0.038;-992.428;-31.257;70.329
0.048;-1.000.243;-31.257;70.329
0.058;-1.015.872;-7.814;62.515
0.067;-1.023.686;0.000;39.072
0.076;-1.031.500;-15.628;-7.814
0.086;-1.039.315;0.000;-15.628
0.095;-1.031.500;-15.628;-7.814
0.105;-1.054.943;-15.628;54.700
0.115;-1.047.129;-7.814;93.772
0.124;-1.054.943;7.814;101.587
0.133;-1.062.758;0.000;101.587
0.143;-1.062.758;0.000;101.587
0.152;-1.054.943;0.000;101.587
0.162;-1.039.315;-23.443;101.587
0.172;-1.047.129;-15.628;85.958
0.181;-1.070.572;-15.628;70.329
0.191;-1.039.315;0.000;85.958
0.2;-1.039.315;7.814;54.700
0.209;-1.047.129;7.814;46.886
0.218;-1.047.129;0.000;62.515
0.227;-1.047.129;0.000;62.515
0.236;-1.031.500;0.000;39.072
0.245;-1.039.315;0.000;46.886
0.255;-1.031.500;-23.443;39.072
0.265;-1.023.686;-23.443;23.443
0.274;-1.031.500;-15.628;54.700
0.284;-1.015.872;-15.628;62.515
0.294;-1.015.872;-15.628;85.958
0.303;-1.000.243;-7.814;93.772
0.312;-1.000.243;7.814;117.216
0.322;-1.000.243;15.628;117.216
0.332;-1.015.872;39.072;109.401
0.342;-1.008.057;54.700;117.216
0.351;-1.000.243;70.329;93.772
0.36;-984.614;85.958;93.772
0.369;-968.985;70.329;93.772
0.379;-976.800;78.144;101.587
0.388;-976.800;93.772;109.401
0.397;-976.800;93.772;140.659
0.407;-968.985;70.329;125.030
0.416;-976.800;62.515;132.844
0.426;-961.171;54.700;156.288
0.435;-961.171;54.700;156.288
0.444;-945.542;31.257;164.102
0.454;-929.913;46.886;164.102
0.463;-922.099;62.515;195.360
0.473;-890.841;62.515;203.174
0.482;-883.027;46.886;195.360
0.491;-883.027;54.700;156.288
0.501;-875.212;78.144;156.288
0.51;-859.584;85.958;164.102
0.52;-843.955;93.772;164.102
0.529;-820.512;78.144;179.731
0.538;-820.512;78.144;203.174
0.548;-820.512;70.329;218.803
0.557;-820.512;101.587;226.617
0.567;-828.326;101.587;226.617
0.577;-804.883;117.216;234.432
0.587;-804.883;125.030;234.432
0.596;-820.512;140.659;257.875
0.606;-851.769;171.916;242.246
0.616;-875.212;195.360;273.503
0.625;-867.398;195.360;289.132
0.635;-867.398;179.731;304.761
0.645;-890.841;195.360;320.390
0.654;-890.841;179.731;359.462
0.664;-898.656;187.545;367.276
0.674;-890.841;210.988;382.905
0.683;-875.212;234.432;406.348
0.693;-859.584;265.689;421.977
0.703;-859.584;281.318;414.163
0.713;-867.398;265.689;398.534
0.722;-875.212;273.503;390.720
0.732;-875.212;281.318;398.534
0.742;-875.212;296.947;390.720
0.751;-883.027;312.576;390.720
0.761;-890.841;351.648;429.792
0.771;-929.913;359.462;445.420
0.78;-945.542;351.648;406.348
0.79;-914.284;359.462;328.204
0.8;-883.027;382.905;296.947
0.81;-843.955;445.420;336.019
0.819;-890.841;484.492;382.905
0.829;-1.078.387;461.049;367.276
0.839;-1.375.334;414.163;312.576
0.849;-1.515.993;343.833;250.060
0.859;-1.242.489;187.545;226.617
0.868;-914.284;15.628;179.731
0.878;-632.966;-31.257;234.432
0.888;-507.936;-46.886;203.174
0.897;-539.193;-93.772;148.473
0.907;-711.110;-109.401;109.401
0.917;-953.356;-93.772;54.700
0.926;-953.356;-31.257;31.257
0.936;-1.109.644;-23.443;31.257
0.945;-1.164.345;31.257;7.814
0.955;-1.117.459;125.030;-39.072
0.965;-1.039.315;187.545;-39.072
0.974;-992.428;187.545;-31.257
0.984;-984.614;210.988;-62.515
0.994;-961.171;171.916;-78.144
1.003;-945.542;148.473;-70.329
1.013;-968.985;140.659;-101.587
1.023;-992.428;132.844;-117.216
1.033;-1.008.057;109.401;-109.401
1.043;-1.015.872;85.958;-85.958
1.053;-1.008.057;39.072;-23.443
1.062;-1.015.872;7.814;7.814
1.071;-1.015.872;-31.257;23.443
1.081;-1.008.057;-70.329;15.628
1.091;-1.000.243;-101.587;23.443
1.101;-1.008.057;-85.958;-15.628
1.111;-1.015.872;-62.515;-7.814
1.12;-1.015.872;0.000;-70.329
1.13;-1.023.686;46.886;-140.659
1.14;-1.031.500;85.958;-171.916
1.15;-1.015.872;117.216;-210.988
1.16;-1.015.872;148.473;-218.803
1.17;-1.008.057;171.916;-218.803
1.181;-1.015.872;171.916;-203.174
1.191;-984.614;125.030;-218.803
1.201;-968.985;125.030;-171.916
1.21;-961.171;78.144;-164.102
1.22;-976.800;93.772;-140.659
1.23;-984.614;70.329;-109.401
1.239;-1.000.243;15.628;-85.958
1.249;-1.000.243;-15.628;-54.700
1.259;-984.614;-62.515;-62.515
1.269;-992.428;-85.958;-31.257
1.279;-1.000.243;-78.144;-39.072
1.288;-1.008.057;-62.515;-46.886
1.298;-1.015.872;-31.257;-62.515
1.308;-1.015.872;-7.814;-31.257
1.317;-1.015.872;7.814;-46.886
1.327;-1.023.686;15.628;-85.958
1.337;-1.008.057;7.814;-101.587
1.346;-992.428;23.443;-70.329
1.356;-1.000.243;62.515;-85.958
1.366;-1.000.243;93.772;-125.030
1.376;-992.428;117.216;-140.659
1.386;-961.171;101.587;-171.916
1.395;-968.985;85.958;-203.174
1.405;-976.800;85.958;-203.174
1.415;-976.800;78.144;-187.545
1.424;-968.985;85.958;-148.473
1.434;-976.800;109.401;-140.659
1.444;-968.985;78.144;-132.844
1.454;-992.428;23.443;-109.401
1.464;-1.023.686;-46.886;-93.772
1.474;-1.039.315;-109.401;-62.515
1.484;-1.054.943;-117.216;-31.257
1.493;-1.054.943;-85.958;0.000
1.503;-1.054.943;-62.515;31.257
1.512;-1.023.686;-31.257;7.814
1.522;-1.023.686;39.072;15.628
1.532;-1.039.315;117.216;15.628
1.542;-1.078.387;203.174;-54.700
1.552;-1.156.531;218.803;-148.473
1.562;-1.297.190;257.875;-242.246
1.572;-1.390.963;265.689;-273.503
1.582;-1.336.262;234.432;-179.731
1.592;-1.297.190;203.174;-39.072
1.602;-1.273.747;140.659;85.958
1.612;-1.226.860;70.329;187.545
1.621;-1.226.860;-7.814;195.360
1.631;-1.242.489;-62.515;226.617
1.641;-1.226.860;-85.958;234.432
1.651;-1.172.160;-101.587;226.617
1.661;-1.140.902;-70.329;218.803
1.671;-1.101.830;-39.072;179.731
1.681;-1.094.015;-15.628;101.587
1.69;-1.140.902;-39.072;7.814
1.7;-1.187.788;-85.958;-93.772
1.711;-1.258.118;-109.401;-171.916
1.721;-1.297.190;-132.844;-234.432
1.732;-1.273.747;-156.288;-257.875
1.742;-1.195.603;-156.288;-234.432
1.752;-1.133.088;-132.844;-210.988
1.762;-1.101.830;-85.958;-187.545
1.773;-1.133.088;-70.329;-179.731
1.783;-1.125.273;23.443;-171.916
1.793;-1.109.644;125.030;-132.844
1.803;-1.062.758;148.473;-54.700
1.813;-1.008.057;117.216;-23.443
1.822;-945.542;70.329;-7.814
1.831;-890.841;39.072;15.628
1.84;-843.955;46.886;-23.443
1.85;-797.068;23.443;-39.072
1.859;-765.811;15.628;-70.329
1.869;-757.996;15.628;-101.587
1.878;-765.811;7.814;-85.958
1.887;-757.996;-15.628;-93.772
1.897;-765.811;-62.515;-93.772
1.907;-773.625;-117.216;-62.515
1.917;-765.811;-156.288;-39.072
1.926;-773.625;-164.102;7.814
1.936;-773.625;-156.288;46.886
1.946;-773.625;-171.916;85.958
1.956;-765.811;-156.288;109.401
1.966;-765.811;-140.659;164.102
1.975;-765.811;-132.844;195.360
1.985;-742.368;-109.401;210.988
1.995;-711.110;-93.772;250.060
2.005;-695.481;-46.886;250.060
2.014;-695.481;-7.814;265.689
2.024;-703.296;23.443;234.432
2.033;-703.296;23.443;234.432
2.042;-718.924;62.515;234.432
2.052;-734.553;101.587;226.617
2.062;-773.625;140.659;242.246
2.071;-828.326;187.545;265.689
2.081;-875.212;226.617;320.390
2.091;-945.542;289.132;359.462
2.101;-984.614;336.019;398.534
2.11;-1.031.500;367.276;437.606
2.12;-1.109.644;406.348;500.121
2.13;-1.148.716;390.720;492.307
2.14;-1.187.788;406.348;507.936
2.15;-1.172.160;382.905;531.379
2.16;-1.172.160;390.720;562.636
2.17;-1.109.644;328.204;562.636
2.18;-1.047.129;234.432;523.564
2.189;-914.284;125.030;500.121
2.199;-812.697;46.886;492.307
2.208;-679.852;15.628;429.792
2.217;-609.523;0.000;320.390
2.227;-578.265;15.628;296.947
2.236;-640.780;171.916;390.720
2.246;-1.094.015;367.276;273.503
2.256;-1.719.168;468.864;62.515
2.266;-1.977.043;593.894;125.030
2.276;-1.781.683;547.007;296.947
2.286;-1.297.190;359.462;210.988
2.295;-664.223;46.886;-7.814
2.304;-273.503;-23.443;31.257
2.314;-218.803;-125.030;46.886
2.324;-382.905;-328.204;109.401
2.334;-703.296;-390.720;85.958
2.344;-1.070.572;-242.246;-78.144
2.354;-1.273.747;-15.628;-218.803
2.364;-1.305.004;187.545;-234.432
2.374;-1.179.974;257.875;-179.731
2.385;-1.039.315;218.803;-109.401
2.394;-968.985;164.102;-93.772
2.404;-906.470;132.844;-54.700
2.414;-883.027;117.216;-39.072
2.423;-898.656;93.772;-46.886
2.433;-953.356;46.886;-46.886
2.442;-953.356;46.886;-46.886
2.451;-968.985;46.886;-31.257
2.461;-984.614;23.443;-7.814
2.469;-976.800;0.000;31.257
2.479;-984.614;-23.443;46.886
2.488;-976.800;-62.515;15.628
2.497;-984.614;-85.958;0.000
2.507;-992.428;-54.700;-54.700
2.517;-1.015.872;-7.814;-93.772
2.527;-1.031.500;31.257;-125.030
2.536;-1.023.686;78.144;-148.473
2.547;-1.031.500;125.030;-148.473
2.557;-1.015.872;140.659;-164.102
2.567;-992.428;156.288;-164.102
2.577;-953.356;164.102;-210.988
2.587;-945.542;171.916;-242.246
2.596;-953.356;164.102;-250.060
2.606;-968.985;171.916;-203.174
2.616;-984.614;132.844;-156.288
2.626;-992.428;70.329;-132.844
2.635;-961.171;15.628;-93.772
2.645;-953.356;-31.257;-62.515
2.655;-914.284;-54.700;-31.257
2.664;-945.542;-85.958;7.814
2.673;-976.800;-62.515;46.886
2.683;-1.008.057;-46.886;62.515
2.692;-1.023.686;-7.814;70.329
2.702;-1.054.943;15.628;39.072
2.711;-1.039.315;15.628;39.072
2.721;-1.054.943;54.700;31.257
2.73;-1.070.572;0.000;-31.257
2.74;-1.070.572;-70.329;-140.659
2.75;-1.062.758;-31.257;-78.144
2.76;-1.047.129;39.072;-54.700
2.769;-1.062.758;78.144;-31.257
2.779;-1.039.315;117.216;-46.886
2.789;-1.015.872;117.216;-85.958
2.799;-1.000.243;117.216;-78.144
2.809;-1.008.057;109.401;-54.700
2.819;-1.008.057;101.587;-31.257
2.829;-1.008.057;109.401;-31.257
2.838;-1.023.686;70.329;-7.814
2.847;-984.614;54.700;15.628
2.856;-968.985;23.443;-7.814
2.865;-968.985;0.000;0.000
2.875;-984.614;-46.886;-31.257
2.884;-984.614;-62.515;-15.628
2.894;-992.428;-23.443;7.814
2.903;-1.054.943;46.886;-7.814
2.913;-1.289.375;109.401;-164.102
2.923;-1.633.209;148.473;-343.833
2.933;-1.633.209;179.731;-359.462
2.944;-1.523.807;242.246;-117.216
2.954;-1.484.736;289.132;125.030
2.964;-1.453.478;210.988;296.947
2.973;-1.351.891;62.515;289.132
2.983;-1.219.046;-101.587;273.503
2.994;-1.125.273;-140.659;257.875
3.004;-1.101.830;-93.772;140.659
3.013;-1.125.273;-23.443;-31.257
3.023;-1.164.345;39.072;-210.988
3.033;-1.195.603;70.329;-343.833
3.043;-1.203.417;101.587;-367.276
3.054;-1.187.788;125.030;-359.462
3.064;-1.148.716;140.659;-336.019
3.074;-1.094.015;101.587;-328.204
3.084;-1.039.315;62.515;-304.761
3.094;-1.023.686;46.886;-289.132
3.104;-1.023.686;54.700;-296.947
3.114;-1.078.387;70.329;-257.875
3.124;-1.140.902;101.587;-210.988
3.134;-1.195.603;117.216;-210.988
3.144;-1.164.345;132.844;-179.731
3.154;-1.101.830;132.844;-148.473
3.165;-1.023.686;148.473;-125.030
3.175;-937.728;140.659;-148.473
3.184;-843.955;109.401;-117.216
3.194;-781.440;78.144;-164.102
3.204;-773.625;46.886;-171.916
3.213;-781.440;39.072;-164.102
3.223;-820.512;7.814;-171.916
3.233;-836.140;-7.814;-125.030
3.242;-859.584;-85.958;-85.958
3.252;-883.027;-109.401;-62.515
3.262;-843.955;-179.731;0.000
3.271;-828.326;-203.174;39.072
3.281;-820.512;-218.803;109.401
3.291;-804.883;-257.875;179.731
3.301;-812.697;-257.875;210.988
3.311;-781.440;-281.318;242.246
3.321;-797.068;-250.060;257.875
3.331;-750.182;-242.246;234.432
3.341;-734.553;-203.174;234.432
3.35;-734.553;-156.288;195.360
3.36;-726.739;-125.030;148.473
3.37;-718.924;-109.401;132.844
3.38;-734.553;-70.329;132.844
3.39;-757.996;-31.257;148.473
3.399;-789.254;7.814;187.545
3.408;-812.697;62.515;234.432
3.418;-828.326;164.102;257.875
3.428;-820.512;234.432;312.576
3.437;-843.955;343.833;336.019
3.447;-890.841;437.606;359.462
3.457;-953.356;523.564;398.534
3.466;-992.428;570.451;429.792
3.476;-1.023.686;593.894;468.864
3.486;-1.062.758;640.780;492.307
3.496;-1.117.459;664.223;531.379
3.506;-1.101.830;656.409;562.636
3.516;-1.086.201;625.152;601.708
3.526;-1.023.686;531.379;515.750
3.535;-898.656;500.121;367.276
3.545;-742.368;437.606;218.803
3.555;-593.894;336.019;156.288
3.565;-523.564;421.977;226.617
3.574;-851.769;640.780;257.875
3.584;-1.883.270;468.864;-46.886
3.594;-2.148.959;429.792;-78.144
3.604;-2.023.929;296.947;515.750
3.614;-1.445.664;-390.720;343.833
3.624;-593.894;-812.697;-70.329
3.634;-46.886;-429.792;203.174
3.643;-54.700;-476.678;-54.700
3.654;-468.864;-664.223;-195.360
3.664;-883.027;-507.936;-101.587
3.674;-1.117.459;-187.545;-390.720
3.684;-1.297.190;54.700;-586.080
3.694;-1.359.705;265.689;-375.091
3.705;-1.305.004;359.462;-117.216
3.715;-1.140.902;336.019;-234.432
3.725;-937.728;296.947;-304.761
3.735;-851.769;242.246;-273.503
3.744;-898.656;93.772;-234.432
3.754;-976.800;-54.700;-93.772
3.764;-1.031.500;-171.916;15.628
3.774;-1.054.943;-203.174;46.886
3.784;-1.015.872;-210.988;31.257
3.793;-922.099;-171.916;23.443
3.803;-875.212;-78.144;15.628
3.812;-898.656;15.628;-7.814
3.821;-992.428;109.401;-31.257
3.831;-1.015.872;140.659;-7.814
3.841;-1.000.243;132.844;-31.257
3.851;-953.356;101.587;-39.072
3.86;-906.470;132.844;-39.072
3.87;-906.470;125.030;0.000
3.879;-914.284;62.515;-23.443
3.888;-914.284;62.515;0.000
3.897;-914.284;31.257;0.000
3.905;-937.728;7.814;0.000
3.915;-929.913;-15.628;23.443
3.924;-968.985;-54.700;39.072
3.934;-984.614;-54.700;46.886
3.943;-1.015.872;-15.628;46.886
3.953;-1.000.243;-7.814;15.628
3.961;-953.356;7.814;7.814
3.971;-898.656;31.257;-62.515
3.98;-906.470;62.515;-109.401
3.99;-922.099;85.958;-132.844
4.0;-968.985;125.030;-148.473
4.01;-1.008.057;164.102;-156.288
4.02;-1.015.872;210.988;-140.659
4.03;-1.015.872;218.803;-93.772
4.041;-1.023.686;187.545;-101.587
4.05;-1.023.686;148.473;-85.958
4.06;-1.039.315;109.401;-78.144
4.07;-1.070.572;109.401;-70.329
4.08;-1.086.201;109.401;-62.515
4.09;-1.094.015;85.958;-15.628
4.099;-1.101.830;46.886;23.443
4.109;-1.179.974;46.886;31.257
4.118;-1.211.232;132.844;15.628
4.128;-1.219.046;132.844;-46.886
4.138;-1.476.921;265.689;-39.072
4.148;-1.695.724;359.462;-70.329
4.158;-1.633.209;320.390;-93.772
4.168;-1.515.993;203.174;-23.443
4.178;-1.383.148;125.030;179.731
4.187;-1.344.076;78.144;406.348
4.197;-1.344.076;23.443;484.492
4.207;-1.375.334;-31.257;382.905
4.217;-1.398.777;-93.772;273.503
4.227;-1.414.406;-132.844;156.288
4.237;-1.383.148;-179.731;62.515
4.247;-1.367.520;-242.246;46.886
4.257;-1.414.406;-328.204;-46.886
4.268;-1.461.292;-445.420;-132.844
4.278;-1.445.664;-570.451;-148.473
4.288;-1.336.262;-625.152;-250.060
4.299;-1.062.758;-398.534;-265.689
4.309;-1.000.243;-125.030;-226.617
4.319;-968.985;93.772;-46.886
4.328;-914.284;265.689;-7.814
4.338;-914.284;265.689;-31.257
4.347;-859.584;289.132;-31.257
4.357;-828.326;203.174;-62.515
4.367;-836.140;109.401;-62.515
4.376;-867.398;31.257;-15.628
4.385;-843.955;-7.814;39.072
4.394;-781.440;-7.814;62.515
4.404;-648.595;-31.257;54.700
4.413;-578.265;-46.886;62.515
4.423;-515.750;-54.700;46.886
4.432;-492.307;-101.587;31.257
4.442;-492.307;-125.030;39.072
4.452;-476.678;-156.288;46.886
4.461;-500.121;-187.545;78.144
4.471;-515.750;-187.545;93.772
4.481;-562.636;-210.988;117.216
4.491;-632.966;-218.803;140.659
4.501;-679.852;-226.617;148.473
4.511;-711.110;-187.545;171.916
4.521;-695.481;-125.030;195.360
4.53;-703.296;-46.886;218.803
4.54;-687.667;-7.814;257.875
4.549;-664.223;31.257;312.576
4.559;-703.296;117.216;320.390
4.568;-734.553;179.731;351.648
4.578;-781.440;250.060;359.462
4.588;-851.769;304.761;398.534
4.597;-906.470;390.720;429.792
4.607;-984.614;484.492;492.307
4.617;-984.614;578.265;570.451
4.627;-1.094.015;586.080;570.451
4.637;-1.234.675;726.739;601.708
4.647;-1.344.076;820.512;640.780
4.657;-1.437.849;773.625;656.409
4.666;-1.461.292;656.409;679.852
4.676;-1.367.520;539.193;672.038
4.686;-1.187.788;453.235;593.894
4.696;-1.039.315;367.276;421.977
4.706;-859.584;265.689;304.761
4.715;-687.667;171.916;250.060
4.725;-515.750;109.401;296.947
4.735;-429.792;101.587;492.307
4.745;-328.204;195.360;507.936
4.754;-578.265;226.617;109.401
4.764;-1.140.902;-109.401;-31.257
4.774;-1.703.539;-320.390;7.814
4.784;-2.164.588;164.102;484.492
4.794;-1.812.940;515.750;453.235
4.804;-1.015.872;242.246;-117.216
4.814;-523.564;70.329;-179.731
4.824;-382.905;-93.772;-39.072
4.833;-570.451;-414.163;70.329
4.843;-726.739;-468.864;171.916
4.853;-843.955;-328.204;-15.628
4.863;-1.031.500;-70.329;-304.761
4.873;-1.219.046;234.432;-375.091
4.884;-1.250.304;421.977;-281.318
4.894;-1.172.160;421.977;-265.689
4.904;-1.078.387;351.648;-242.246
4.914;-945.542;195.360;-132.844
4.923;-867.398;62.515;-31.257
4.933;-843.955;-15.628;15.628
4.942;-875.212;-46.886;15.628
4.952;-937.728;-7.814;-39.072
4.961;-984.614;0.000;-54.700
4.97;-1.008.057;0.000;-39.072
4.98;-1.015.872;-23.443;-31.257
4.99;-992.428;-46.886;-31.257
4.999;-984.614;-39.072;-62.515
5.009;-992.428;0.000;-132.844
5.018;-992.428;70.329;-164.102
5.028;-992.428;179.731;-195.360
5.038;-976.800;281.318;-226.617
5.048;-961.171;320.390;-265.689
5.058;-976.800;312.576;-257.875
5.068;-937.728;296.947;-234.432
5.078;-929.913;250.060;-203.174
5.088;-945.542;218.803;-179.731
5.098;-961.171;171.916;-164.102
5.108;-961.171;109.401;-125.030
5.117;-961.171;31.257;-70.329
5.126;-937.728;15.628;-39.072
5.135;-945.542;-7.814;15.628
5.145;-945.542;-7.814;15.628
5.154;-984.614;-15.628;46.886
5.164;-1.000.243;-15.628;46.886
5.173;-1.039.315;-7.814;62.515
5.182;-1.039.315;-7.814;39.072
5.192;-1.031.500;0.000;46.886
5.201;-1.015.872;-7.814;23.443
5.21;-992.428;-7.814;-23.443
5.22;-984.614;15.628;-70.329
5.23;-1.015.872;46.886;-125.030
5.24;-1.039.315;85.958;-187.545
5.25;-1.023.686;140.659;-179.731
5.26;-1.023.686;156.288;-195.360
5.27;-1.023.686;156.288;-171.916
5.28;-1.039.315;140.659;-125.030
5.29;-1.070.572;70.329;-70.329
5.3;-1.117.459;-31.257;-93.772
5.31;-1.140.902;-62.515;-46.886
5.32;-1.117.459;-15.628;15.628
5.329;-1.133.088;0.000;62.515
5.338;-1.086.201;7.814;46.886
5.347;-1.086.201;46.886;62.515
5.357;-1.101.830;117.216;125.030
5.367;-1.117.459;210.988;70.329
5.377;-1.234.675;250.060;-31.257
5.387;-1.484.736;281.318;-148.473
5.397;-1.523.807;234.432;-242.246
5.407;-1.375.334;179.731;-148.473
5.417;-1.398.777;179.731;39.072
5.427;-1.430.035;125.030;210.988
5.436;-1.367.520;39.072;289.132
5.446;-1.281.561;-54.700;281.318
5.457;-1.203.417;-117.216;226.617
5.467;-1.179.974;-140.659;78.144
5.477;-1.250.304;-148.473;-85.958
5.487;-1.297.190;-156.288;-226.617
5.498;-1.297.190;-164.102;-265.689
5.508;-1.320.633;-156.288;-257.875
5.518;-1.328.447;-140.659;-203.174
5.529;-1.289.375;-109.401;-164.102
5.539;-1.219.046;-125.030;-132.844
5.55;-1.172.160;-132.844;-148.473
5.56;-1.117.459;-117.216;-164.102
5.57;-1.109.644;-54.700;-101.587
5.58;-1.101.830;-7.814;-93.772
5.59;-1.086.201;-7.814;-101.587
5.6;-1.062.758;-7.814;-132.844
5.609;-1.031.500;0.000;-78.144
5.618;-976.800;31.257;-93.772
5.628;-914.284;23.443;-117.216
5.638;-804.883;31.257;-125.030
5.647;-726.739;15.628;-125.030
5.657;-664.223;-7.814;-85.958
5.667;-648.595;-23.443;-70.329
5.676;-648.595;-46.886;-39.072
5.686;-648.595;-109.401;-39.072
5.696;-640.780;-164.102;-31.257
5.706;-664.223;-203.174;-15.628
5.716;-672.038;-164.102;-31.257
5.725;-679.852;-156.288;7.814
5.735;-679.852;-171.916;31.257
5.745;-711.110;-187.545;85.958
5.754;-672.038;-171.916;93.772
5.764;-648.595;-187.545;148.473
5.774;-609.523;-148.473;187.545
5.784;-578.265;-125.030;242.246
5.794;-586.080;-62.515;281.318
5.803;-586.080;-62.515;281.318
5.813;-601.708;-23.443;296.947
5.822;-640.780;0.000;296.947
5.832;-726.739;62.515;281.318
5.841;-797.068;125.030;242.246
5.851;-883.027;226.617;234.432
5.861;-859.584;320.390;257.875
5.87;-875.212;421.977;281.318
5.88;-914.284;515.750;328.204
5.89;-945.542;593.894;414.163
5.9;-1.008.057;617.337;492.307
5.91;-1.101.830;617.337;570.451
5.92;-1.226.860;679.852;679.852
5.93;-1.336.262;711.110;726.739
5.939;-1.390.963;679.852;695.481
5.949;-1.320.633;539.193;632.966
5.959;-1.164.345;367.276;531.379
5.969;-961.171;187.545;461.049
5.978;-757.996;39.072;406.348
5.988;-539.193;-23.443;390.720
5.997;-414.163;0.000;554.822
6.007;-375.091;226.617;515.750
6.016;-1.148.716;210.988;70.329
6.026;-1.953.600;93.772;-31.257
6.036;-2.313.062;328.204;523.564
6.046;-1.789.497;351.648;375.091
6.056;-890.841;-46.886;-93.772
6.065;-281.318;-85.958;-70.329
6.075;-148.473;-164.102;-23.443
6.085;-351.648;-429.792;39.072
6.095;-734.553;-453.235;23.443
6.105;-1.031.500;-328.204;-218.803
6.115;-1.289.375;-39.072;-437.606
6.125;-1.367.520;195.360;-406.348
6.136;-1.265.932;195.360;-242.246
6.146;-1.117.459;125.030;-132.844
6.156;-1.000.243;70.329;-101.587
6.165;-914.284;31.257;-54.700
6.174;-859.584;0.000;-15.628
6.183;-883.027;-31.257;0.000
6.193;-922.099;-39.072;15.628
6.202;-922.099;-39.072;15.628
6.211;-961.171;-78.144;7.814
6.221;-984.614;-78.144;-31.257
6.231;-1.000.243;-70.329;-15.628
6.241;-992.428;-93.772;-15.628
6.251;-1.000.243;-93.772;-46.886
6.26;-992.428;-70.329;-46.886
6.27;-992.428;0.000;-117.216
6.279;-992.428;85.958;-148.473
6.289;-984.614;164.102;-171.916
6.299;-976.800;250.060;-218.803
6.309;-968.985;312.576;-195.360
6.319;-953.356;359.462;-195.360
6.329;-953.356;336.019;-187.545
6.339;-953.356;289.132;-187.545
6.349;-953.356;250.060;-164.102
6.359;-953.356;203.174;-164.102
6.368;-953.356;179.731;-140.659
6.378;-922.099;125.030;-109.401
6.388;-906.470;78.144;-70.329
6.397;-922.099;31.257;-7.814
6.405;-945.542;0.000;7.814
6.415;-984.614;-31.257;31.257
6.424;-984.614;-62.515;46.886
6.434;-984.614;-62.515;39.072
6.443;-1.000.243;-125.030;46.886
6.453;-992.428;-148.473;54.700
6.463;-968.985;-132.844;15.628
6.473;-976.800;-101.587;-31.257
6.483;-1.015.872;-31.257;-78.144
6.492;-1.047.129;7.814;-140.659
6.502;-1.047.129;23.443;-187.545
6.512;-1.047.129;54.700;-195.360
6.522;-1.062.758;39.072;-156.288
6.532;-1.047.129;39.072;-125.030
6.542;-1.062.758;23.443;-125.030
6.552;-1.070.572;7.814;-101.587
6.561;-1.086.201;-7.814;-93.772
6.571;-1.070.572;-31.257;-93.772
6.581;-1.101.830;-7.814;-23.443
6.59;-1.125.273;0.000;-31.257
6.599;-1.148.716;62.515;0.000
6.609;-1.133.088;101.587;39.072
6.619;-1.172.160;156.288;85.958
6.628;-1.172.160;226.617;85.958
6.638;-1.320.633;304.761;62.515
6.648;-1.515.993;312.576;7.814
6.657;-1.531.622;242.246;-46.886
6.667;-1.430.035;125.030;-31.257
6.677;-1.390.963;39.072;70.329
6.686;-1.398.777;0.000;257.875
6.696;-1.328.447;-15.628;375.091
6.706;-1.242.489;-117.216;257.875
6.716;-1.140.902;-234.432;93.772
6.726;-1.094.015;-234.432;-31.257
6.737;-1.133.088;-179.731;-156.288
6.747;-1.203.417;-101.587;-289.132
6.757;-1.242.489;-15.628;-382.905
6.767;-1.273.747;0.000;-367.276
6.777;-1.273.747;39.072;-289.132
6.787;-1.234.675;39.072;-234.432
6.797;-1.179.974;15.628;-218.803
6.807;-1.140.902;15.628;-226.617
6.817;-1.125.273;23.443;-242.246
6.826;-1.117.459;70.329;-234.432
6.837;-1.133.088;101.587;-187.545
6.847;-1.117.459;117.216;-164.102
6.857;-1.047.129;70.329;-148.473
6.866;-976.800;46.886;-132.844
6.876;-922.099;23.443;-109.401
6.886;-859.584;31.257;-101.587
6.896;-804.883;31.257;-117.216
6.905;-734.553;31.257;-125.030
6.915;-703.296;31.257;-117.216
6.924;-679.852;7.814;-101.587
6.934;-672.038;-23.443;-101.587
6.944;-672.038;-70.329;-85.958
6.954;-711.110;-132.844;-70.329
6.964;-726.739;-148.473;-62.515
6.974;-718.924;-187.545;-23.443
6.983;-734.553;-187.545;15.628
6.993;-742.368;-187.545;70.329
7.003;-750.182;-203.174;117.216
7.013;-742.368;-210.988;132.844
7.023;-703.296;-234.432;171.916
7.033;-664.223;-218.803;218.803
7.043;-632.966;-203.174;265.689
7.052;-640.780;-140.659;312.576
7.063;-679.852;-117.216;304.761
7.072;-734.553;-46.886;289.132
7.081;-789.254;0.000;257.875
7.091;-804.883;78.144;226.617
7.1;-804.883;78.144;226.617
7.11;-836.140;156.288;218.803
7.119;-859.584;242.246;242.246
7.129;-890.841;343.833;281.318
7.139;-945.542;421.977;375.091
7.149;-1.008.057;507.936;468.864
7.159;-1.109.644;570.451;547.007
7.168;-1.195.603;586.080;562.636
7.178;-1.297.190;578.265;617.337
7.188;-1.312.819;578.265;617.337
7.198;-1.258.118;562.636;609.523
7.208;-1.179.974;515.750;562.636
7.218;-1.062.758;375.091;507.936
7.228;-937.728;210.988;453.235
7.237;-750.182;70.329;398.534
7.246;-586.080;39.072;304.761
7.256;-461.049;70.329;257.875
7.265;-382.905;226.617;312.576
7.275;-484.492;570.451;195.360
7.285;-1.390.963;601.708;78.144
7.295;-2.328.691;390.720;-93.772
7.305;-2.610.009;515.750;570.451
7.315;-1.773.868;125.030;312.576
7.325;-726.739;-367.276;-148.473
7.334;-23.443;-336.019;-39.072
7.344;23.443;-445.420;125.030
7.354;-164.102;-687.667;125.030
7.363;-578.265;-562.636;39.072
7.374;-1.039.315;-320.390;-336.019
7.384;-1.476.921;70.329;-547.007
7.394;-1.562.880;289.132;-421.977
7.404;-1.375.334;210.988;-210.988
7.414;-1.133.088;23.443;-78.144
7.423;-976.800;0.000;-23.443
7.432;-859.584;15.628;-31.257
7.442;-836.140;39.072;-23.443
7.451;-859.584;-7.814;-46.886
7.461;-906.470;-39.072;-39.072
7.471;-968.985;-39.072;-31.257
7.481;-1.023.686;-23.443;-46.886
7.49;-1.039.315;-23.443;-93.772
7.5;-1.047.129;-54.700;-78.144
7.51;-1.031.500;-62.515;-70.329
7.52;-984.614;-46.886;-109.401
7.53;-961.171;0.000;-132.844
7.539;-961.171;0.000;-171.916
7.549;-945.542;70.329;-171.916
7.559;-937.728;164.102;-195.360
7.568;-922.099;265.689;-187.545
7.578;-898.656;328.204;-203.174
7.588;-883.027;343.833;-226.617
7.598;-883.027;312.576;-226.617
7.608;-914.284;289.132;-242.246
7.618;-929.913;226.617;-218.803
7.628;-914.284;179.731;-171.916
7.638;-914.284;125.030;-117.216
7.647;-906.470;78.144;-70.329
7.656;-914.284;7.814;-15.628
7.666;-945.542;-31.257;23.443
7.675;-1.000.243;-78.144;78.144
7.685;-1.047.129;-117.216;117.216
7.696;-1.054.943;-132.844;125.030
7.706;-1.047.129;-156.288;109.401
7.716;-1.047.129;-179.731;101.587
7.726;-1.031.500;-164.102;93.772
7.736;-1.054.943;-132.844;46.886
7.746;-1.086.201;-93.772;-39.072
7.756;-1.094.015;-23.443;-117.216
7.766;-1.086.201;46.886;-210.988
7.776;-1.078.387;132.844;-218.803
7.786;-1.070.572;171.916;-242.246
7.796;-1.101.830;210.988;-195.360
7.807;-1.125.273;210.988;-148.473
7.817;-1.140.902;203.174;-101.587
7.827;-1.164.345;156.288;-62.515
7.837;-1.148.716;117.216;-62.515
7.847;-1.148.716;101.587;-62.515
7.856;-1.172.160;132.844;0.000
7.866;-1.289.375;187.545;46.886
7.875;-1.414.406;257.875;39.072
7.885;-1.515.993;312.576;31.257
7.895;-1.461.292;226.617;31.257
7.904;-1.492.550;46.886;70.329
7.914;-1.445.664;-85.958;289.132
7.924;-1.383.148;-140.659;414.163
7.934;-1.297.190;-179.731;375.091
7.945;-1.179.974;-234.432;273.503
7.955;-1.078.387;-281.318;93.772
7.965;-1.109.644;-328.204;-62.515
7.975;-1.140.902;-265.689;-265.689
7.986;-1.234.675;-195.360;-398.534
7.996;-1.336.262;-85.958;-382.905
8.006;-1.414.406;-7.814;-304.761
8.016;-1.414.406;31.257;-265.689
8.025;-1.336.262;0.000;-273.503
8.035;-1.234.675;-62.515;-265.689
8.046;-1.179.974;-31.257;-218.803
8.056;-1.125.273;54.700;-179.731
8.066;-1.094.015;109.401;-187.545
8.076;-1.078.387;125.030;-195.360
8.086;-1.054.943;101.587;-171.916
8.096;-1.023.686;70.329;-148.473
8.106;-968.985;54.700;-125.030
8.115;-898.656;39.072;-140.659
8.125;-789.254;-7.814;-164.102
8.135;-718.924;-39.072;-171.916
8.145;-640.780;-46.886;-148.473
8.155;-586.080;-62.515;-125.030
8.165;-570.451;-78.144;-93.772
8.174;-578.265;-132.844;-78.144
8.184;-601.708;-164.102;-70.329
8.194;-593.894;-203.174;-54.700
8.204;-601.708;-218.803;-31.257
8.214;-632.966;-210.988;15.628
8.224;-648.595;-226.617;46.886
8.233;-664.223;-218.803;85.958
8.243;-679.852;-234.432;140.659
8.253;-664.223;-210.988;179.731
8.263;-656.409;-187.545;242.246
8.273;-648.595;-125.030;273.503
8.283;-664.223;-101.587;296.947
8.292;-687.667;-54.700;312.576
8.302;-726.739;-15.628;312.576
8.312;-781.440;39.072;296.947
8.321;-828.326;117.216;289.132
8.331;-898.656;203.174;289.132
8.341;-953.356;265.689;320.390
8.351;-1.008.057;367.276;406.348
8.36;-1.070.572;461.049;476.678
8.37;-1.164.345;500.121;578.265
8.38;-1.273.747;547.007;648.595
8.39;-1.367.520;554.822;734.553
8.4;-1.390.963;562.636;703.296
8.41;-1.289.375;515.750;632.966
8.42;-1.156.531;414.163;539.193
8.43;-992.428;242.246;445.420
8.439;-804.883;62.515;367.276
8.449;-640.780;-31.257;296.947
8.458;-476.678;-54.700;289.132
8.468;-359.462;-15.628;367.276
8.478;-187.545;210.988;171.916
8.487;-492.307;390.720;23.443
8.497;-1.461.292;62.515;-31.257
8.506;-1.469.107;62.515;93.772
8.516;-2.500.608;7.814;117.216
8.526;-2.953.843;789.254;937.728
8.535;-2.086.444;586.080;195.360
8.545;-843.955;0.000;-445.420
8.555;-15.628;-70.329;-179.731
8.564;70.329;-390.720;-156.288
8.574;-109.401;-679.852;93.772
8.584;-492.307;-625.152;195.360
8.594;-875.212;-492.307;-218.803
8.604;-1.297.190;-85.958;-539.193
8.614;-1.562.880;328.204;-429.792
8.625;-1.515.993;445.420;-242.246
8.635;-1.258.118;351.648;-179.731
8.645;-1.047.129;234.432;-132.844
8.655;-883.027;156.288;-85.958
8.664;-781.440;70.329;-70.329
8.673;-773.625;7.814;-54.700
8.683;-851.769;-15.628;-54.700
8.693;-961.171;-23.443;-93.772
8.702;-1.047.129;0.000;-78.144
8.711;-1.078.387;0.000;-39.072
8.721;-1.039.315;-70.329;-31.257
8.732;-1.015.872;-101.587;-46.886
8.741;-968.985;-78.144;-78.144
8.751;-929.913;-15.628;-140.659
8.761;-922.099;54.700;-203.174
8.771;-898.656;164.102;-242.246
8.781;-875.212;257.875;-242.246
8.791;-851.769;312.576;-242.246
8.8;-859.584;281.318;-218.803
8.81;-898.656;226.617;-218.803
8.82;-906.470;171.916;-195.360
8.83;-906.470;156.288;-203.174
8.84;-922.099;140.659;-187.545
8.85;-945.542;109.401;-148.473
8.859;-961.171;62.515;-78.144
8.869;-961.171;23.443;-46.886
8.878;-976.800;-39.072;-7.814
8.888;-992.428;-93.772;39.072
8.897;-1.047.129;-156.288;62.515
8.907;-1.047.129;-218.803;62.515
8.917;-1.054.943;-242.246;78.144
8.927;-1.047.129;-218.803;70.329
8.937;-1.023.686;-164.102;23.443
8.947;-1.047.129;-140.659;-46.886
8.957;-1.054.943;-93.772;-101.587
8.968;-1.078.387;-46.886;-164.102
8.977;-1.070.572;7.814;-210.988
8.987;-1.086.201;85.958;-234.432
8.997;-1.078.387;117.216;-242.246
9.008;-1.094.015;140.659;-218.803
9.018;-1.117.459;125.030;-164.102
9.028;-1.133.088;117.216;-109.401
9.038;-1.140.902;62.515;-109.401
9.048;-1.140.902;39.072;-101.587
9.057;-1.140.902;46.886;-46.886
9.067;-1.133.088;54.700;23.443
9.077;-1.117.459;85.958;101.587
9.087;-1.109.644;117.216;156.288
9.096;-1.265.932;195.360;125.030
9.106;-1.531.622;320.390;62.515
9.116;-1.617.580;375.091;-31.257
9.125;-1.555.065;257.875;-31.257
9.136;-1.523.807;140.659;125.030
9.145;-1.461.292;85.958;312.576
9.154;-1.336.262;15.628;406.348
9.165;-1.328.447;15.628;343.833
9.175;-1.211.232;-132.844;343.833
9.185;-1.179.974;-289.132;195.360
9.196;-1.234.675;-351.648;-179.731
9.206;-1.336.262;-296.947;-351.648
9.217;-1.484.736;-195.360;-406.348
9.227;-1.586.323;-117.216;-320.390
9.237;-1.562.880;-109.401;-250.060
9.248;-1.461.292;-117.216;-250.060
9.258;-1.328.447;-140.659;-226.617
9.268;-1.242.489;-54.700;-171.916
9.278;-1.179.974;70.329;-140.659
9.288;-1.117.459;132.844;-132.844
9.299;-1.070.572;125.030;-148.473
9.309;-1.039.315;85.958;-148.473
9.318;-984.614;31.257;-109.401
9.328;-906.470;-23.443;-93.772
9.338;-820.512;-85.958;-101.587
9.348;-695.481;-109.401;-109.401
9.358;-609.523;-109.401;-117.216
9.368;-554.822;-101.587;-85.958
9.378;-523.564;-85.958;-85.958
9.388;-523.564;-117.216;-54.700
9.398;-515.750;-156.288;-39.072
9.407;-515.750;-203.174;7.814
9.417;-507.936;-203.174;23.443
9.426;-523.564;-195.360;39.072
9.436;-539.193;-171.916;39.072
9.446;-578.265;-187.545;46.886
9.455;-601.708;-195.360;46.886
9.465;-586.080;-210.988;70.329
9.475;-570.451;-179.731;70.329
9.485;-523.564;-125.030;101.587
9.493;-515.750;-70.329;140.659
9.504;-515.750;0.000;179.731
9.513;-492.307;0.000;179.731
9.522;-507.936;46.886;218.803
9.531;-539.193;85.958;234.432
9.54;-601.708;109.401;257.875
9.55;-726.739;156.288;289.132
9.561;-820.512;218.803;351.648
9.569;-968.985;336.019;390.720
9.579;-1.086.201;492.307;453.235
9.59;-1.219.046;711.110;562.636
9.599;-1.375.334;859.584;711.110
9.61;-1.531.622;789.254;820.512
9.62;-1.594.137;695.481;937.728
9.63;-1.578.508;648.595;945.542
9.64;-1.406.592;570.451;804.883
9.648;-1.164.345;468.864;578.265
9.658;-976.800;336.019;468.864
9.669;-742.368;187.545;476.678
9.678;-586.080;93.772;562.636
9.687;-773.625;117.216;687.667
9.698;-1.281.561;507.936;320.390
9.707;-1.711.353;1.305.004;-15.628
9.717;-1.641.024;898.656;-242.246
9.728;-1.219.046;-226.617;-507.936
9.737;-484.492;-429.792;7.814
9.747;-117.216;-281.318;406.348
9.756;-382.905;-539.193;0.000
9.766;-718.924;-632.966;39.072
9.777;-1.039.315;-476.678;-226.617
9.788;-1.195.603;-195.360;-523.564
9.797;-1.312.819;7.814;-523.564
9.806;-1.234.675;23.443;-296.947
9.816;-1.094.015;0.000;-125.030
9.827;-1.000.243;-101.587;-148.473
9.837;-961.171;-125.030;-117.216
9.846;-953.356;-62.515;-85.958
9.856;-984.614;-31.257;-148.473
9.866;-976.800;-39.072;-117.216
9.876;-984.614;-54.700;-31.257
9.886;-1.023.686;-78.144;-39.072
9.896;-1.054.943;-101.587;-23.443
9.906;-1.070.572;-117.216;-54.700
9.916;-1.047.129;-117.216;-54.700
9.926;-1.047.129;-39.072;-78.144
9.936;-1.015.872;31.257;-156.288
9.946;-992.428;125.030;-226.617
9.956;-953.356;195.360;-250.060
9.966;-914.284;265.689;-265.689
9.976;-883.027;320.390;-234.432
9.986;-883.027;359.462;-218.803
9.996;-883.027;320.390;-234.432
10.006;-890.841;250.060;-226.617
10.015;-898.656;195.360;-242.246
10.026;-875.212;132.844;-203.174
10.035;-851.769;70.329;-164.102
10.044;-843.955;7.814;-140.659
10.054;-836.140;-31.257;-93.772
10.064;-828.326;-78.144;-23.443
10.075;-875.212;-101.587;39.072
10.083;-922.099;-156.288;93.772
10.093;-976.800;-164.102;117.216
10.103;-1.015.872;-101.587;156.288
10.113;-1.054.943;-7.814;93.772
10.122;-1.086.201;62.515;-23.443
10.132;-1.086.201;85.958;-109.401
10.143;-1.062.758;46.886;-148.473
10.152;-1.039.315;0.000;-148.473
10.162;-1.054.943;-7.814;-140.659
10.172;-1.054.943;15.628;-132.844
10.182;-1.070.572;23.443;-156.288
10.192;-1.101.830;54.700;-148.473
10.201;-1.117.459;54.700;-179.731
10.211;-1.156.531;85.958;-171.916
10.222;-1.187.788;78.144;-109.401
10.231;-1.211.232;125.030;-125.030
10.241;-1.226.860;156.288;70.329
10.251;-1.234.675;156.288;70.329
10.261;-1.226.860;140.659;171.916
10.271;-1.297.190;164.102;273.503
10.281;-1.351.891;234.432;312.576
10.29;-1.515.993;328.204;304.761
10.3;-1.672.281;359.462;148.473
10.31;-1.578.508;132.844;132.844
10.32;-1.523.807;-7.814;179.731
10.33;-1.445.664;-70.329;304.761
10.34;-1.281.561;-93.772;336.019
10.351;-1.133.088;-164.102;242.246
10.36;-1.094.015;-210.988;-39.072
10.371;-1.195.603;-187.545;-398.534
10.382;-1.398.777;-109.401;-672.038
10.391;-1.547.251;-15.628;-476.678
10.402;-1.539.436;148.473;-296.947
10.413;-1.430.035;140.659;-203.174
10.422;-1.320.633;54.700;-140.659
10.432;-1.250.304;15.628;-85.958
10.442;-1.203.417;15.628;-70.329
10.451;-1.203.417;15.628;-70.329
10.461;-1.125.273;31.257;-70.329
10.471;-1.117.459;15.628;-78.144
10.481;-1.047.129;-39.072;-70.329
10.491;-1.000.243;-70.329;-117.216
10.501;-937.728;-85.958;-125.030
10.511;-875.212;-93.772;-171.916
10.521;-804.883;-109.401;-187.545
10.531;-703.296;-109.401;-210.988
10.541;-625.152;-109.401;-195.360
10.552;-562.636;-117.216;-156.288
10.562;-547.007;-187.545;-62.515
10.571;-554.822;-187.545;-46.886
10.581;-570.451;-218.803;-15.628
10.591;-562.636;-250.060;-31.257
10.601;-586.080;-234.432;-31.257
10.611;-601.708;-210.988;-7.814
10.62;-617.337;-195.360;39.072
10.63;-640.780;-187.545;93.772
10.64;-632.966;-171.916;93.772
10.65;-617.337;-148.473;125.030
10.659;-593.894;-85.958;148.473
10.669;-554.822;-15.628;179.731
10.679;-531.379;23.443;187.545
10.688;-554.822;78.144;179.731
10.698;-617.337;125.030;187.545
10.707;-703.296;187.545;203.174
10.717;-765.811;218.803;226.617
10.727;-851.769;289.132;218.803
10.736;-875.212;328.204;273.503
10.746;-937.728;476.678;312.576
10.756;-1.031.500;640.780;398.534
10.766;-1.164.345;718.924;547.007
10.776;-1.297.190;656.409;734.553
10.786;-1.375.334;640.780;859.584
10.796;-1.359.705;695.481;929.913
10.806;-1.242.489;679.852;851.769
10.816;-1.148.716;461.049;664.223
10.826;-992.428;250.060;554.822
10.835;-828.326;109.401;461.049
10.844;-539.193;15.628;406.348
10.853;-328.204;0.000;328.204
10.863;-187.545;218.803;382.905
10.873;-937.728;500.121;164.102
10.883;-2.195.846;632.966;-343.833
10.893;-2.789.740;1.297.190;406.348
10.903;-2.508.422;1.078.387;617.337
10.914;-1.281.561;-429.792;-289.132
10.923;-46.886;-515.750;15.628
10.933;296.947;-320.390;70.329
10.942;31.257;-828.326;-85.958
10.952;-398.534;-781.440;132.844
10.962;-914.284;-437.606;-218.803
10.973;-1.453.478;-210.988;-664.223
10.982;-1.687.910;31.257;-617.337
10.993;-1.500.364;125.030;-257.875
11.003;-1.203.417;15.628;-125.030
11.012;-992.428;0.000;-93.772
11.021;-883.027;39.072;-62.515
11.031;-851.769;23.443;-109.401
11.04;-859.584;7.814;-93.772
11.049;-859.584;7.814;-93.772
11.059;-898.656;-23.443;-140.659
11.069;-1.000.243;-31.257;-109.401
11.079;-1.078.387;-46.886;-93.772
11.089;-1.094.015;-54.700;-85.958
11.099;-1.047.129;-54.700;-70.329
11.108;-992.428;-70.329;-78.144
11.118;-945.542;-7.814;-125.030
11.128;-961.171;85.958;-164.102
11.138;-976.800;148.473;-179.731
11.148;-984.614;226.617;-195.360
11.157;-984.614;265.689;-179.731
11.167;-984.614;242.246;-171.916
11.177;-961.171;203.174;-93.772
11.187;-953.356;164.102;-109.401
11.197;-914.284;109.401;-109.401
11.207;-890.841;109.401;-125.030
11.216;-883.027;85.958;-109.401
11.226;-898.656;62.515;-101.587
11.236;-914.284;23.443;-85.958
11.245;-937.728;-39.072;-85.958
11.255;-976.800;-101.587;-39.072
11.265;-1.000.243;-78.144;31.257
11.275;-1.015.872;-31.257;109.401
11.284;-1.039.315;0.000;85.958
11.293;-1.015.872;0.000;39.072
11.302;-1.023.686;0.000;-31.257
11.313;-1.015.872;-31.257;-101.587
11.322;-992.428;-23.443;-132.844
11.332;-1.000.243;0.000;-148.473
11.342;-1.000.243;39.072;-171.916
11.352;-984.614;101.587;-156.288
11.362;-968.985;132.844;-171.916
11.372;-976.800;93.772;-218.803
11.381;-984.614;46.886;-250.060
11.391;-1.015.872;39.072;-195.360
11.401;-1.031.500;31.257;-109.401
11.41;-1.047.129;7.814;-78.144
11.42;-1.086.201;0.000;-39.072
11.429;-1.094.015;0.000;15.628
11.438;-1.094.015;0.000;15.628
11.447;-1.133.088;15.628;39.072
11.457;-1.109.644;7.814;140.659
11.467;-1.125.273;46.886;242.246
11.476;-1.117.459;78.144;289.132
11.486;-1.164.345;132.844;312.576
11.496;-1.242.489;171.916;273.503
11.506;-1.492.550;164.102;85.958
11.516;-1.703.539;164.102;-78.144
11.527;-1.609.766;187.545;-132.844
11.536;-1.492.550;179.731;93.772
11.545;-1.414.406;125.030;234.432
11.555;-1.281.561;39.072;257.875
11.565;-1.219.046;-78.144;125.030
11.575;-1.273.747;-179.731;-54.700
11.586;-1.390.963;-203.174;-257.875
11.596;-1.469.107;-195.360;-390.720
11.606;-1.515.993;-140.659;-382.905
11.617;-1.523.807;-85.958;-296.947
11.627;-1.500.364;-39.072;-203.174
11.637;-1.406.592;0.000;-156.288
11.646;-1.297.190;7.814;-125.030
11.656;-1.226.860;15.628;-101.587
11.666;-1.187.788;70.329;-101.587
11.676;-1.148.716;54.700;-125.030
11.686;-1.086.201;15.628;-125.030
11.696;-1.015.872;-31.257;-148.473
11.706;-961.171;-46.886;-117.216
11.716;-883.027;-101.587;-140.659
11.726;-804.883;-93.772;-132.844
11.736;-750.182;-85.958;-140.659
11.746;-664.223;-93.772;-109.401
11.756;-586.080;-78.144;-117.216
11.766;-547.007;-70.329;-101.587
11.776;-531.379;-101.587;-62.515
11.785;-539.193;-101.587;-70.329
11.795;-554.822;-101.587;-46.886
11.805;-586.080;-109.401;-15.628
11.814;-593.894;-93.772;0.000
11.824;-601.708;-109.401;23.443
11.834;-648.595;-132.844;46.886
11.843;-656.409;-132.844;62.515
11.853;-672.038;-148.473;125.030
11.863;-679.852;-156.288;140.659
11.873;-679.852;-148.473;179.731
11.883;-679.852;-109.401;210.988
11.893;-679.852;-70.329;218.803
11.902;-703.296;-39.072;250.060
11.912;-750.182;0.000;250.060
11.921;-789.254;46.886;281.318
11.931;-867.398;101.587;304.761
11.94;-929.913;164.102;336.019
11.95;-961.171;250.060;382.905
11.96;-1.008.057;367.276;421.977
11.97;-1.062.758;461.049;484.492
11.98;-1.133.088;492.307;570.451
11.99;-1.211.232;492.307;648.595
12.0;-1.273.747;523.564;695.481
12.009;-1.273.747;562.636;687.667
12.019;-1.195.603;562.636;601.708
12.029;-1.109.644;500.121;507.936
12.039;-1.023.686;343.833;421.977
12.049;-883.027;171.916;429.792
12.058;-703.296;39.072;437.606
12.068;-562.636;-39.072;437.606
12.077;-343.833;54.700;453.235
12.087;-343.833;54.700;453.235
12.096;-109.401;242.246;31.257
12.105;0.000;281.318;-250.060
12.115;-476.678;-62.515;-281.318
12.125;-2.047.372;-328.204;15.628
12.135;-3.719.654;679.852;1.078.387
12.145;-3.336.748;1.203.417;961.171
12.156;-1.664.467;414.163;-445.420
12.165;-375.091;15.628;-359.462
12.175;171.916;-210.988;-234.432
12.185;179.731;-789.254;-125.030
12.195;15.628;-797.068;445.420
12.204;-367.276;-679.852;156.288
12.215;-1.023.686;-468.864;-531.379
12.225;-1.609.766;125.030;-632.966
12.235;-1.687.910;500.121;-531.379
12.245;-1.515.993;515.750;-375.091
12.256;-1.234.675;367.276;-218.803
12.266;-976.800;179.731;-101.587
12.275;-804.883;-7.814;-54.700
12.285;-695.481;-140.659;23.443
12.294;-718.924;-171.916;93.772
12.304;-883.027;-156.288;39.072
12.314;-1.023.686;-70.329;-31.257
12.323;-1.062.758;-7.814;-7.814
12.333;-1.023.686;-7.814;-78.144
12.343;-984.614;-39.072;-85.958
12.352;-984.614;-7.814;-78.144
12.362;-945.542;0.000;-101.587
12.371;-945.542;62.515;-125.030
12.381;-937.728;148.473;-148.473
12.391;-937.728;226.617;-140.659
12.401;-953.356;289.132;-140.659
12.411;-953.356;304.761;-140.659
12.421;-968.985;265.689;-132.844
12.431;-976.800;218.803;-140.659
12.441;-976.800;179.731;-109.401
12.45;-945.542;148.473;-132.844
12.46;-937.728;109.401;-101.587
12.47;-929.913;46.886;-101.587
12.479;-945.542;0.000;-70.329
12.488;-945.542;-62.515;0.000
12.498;-945.542;-85.958;31.257
12.507;-945.542;-85.958;62.515
12.516;-937.728;-93.772;46.886
12.526;-937.728;-93.772;15.628
12.535;-945.542;-62.515;15.628
12.545;-961.171;-46.886;-46.886
12.555;-984.614;-15.628;-85.958
12.564;-1.008.057;0.000;-93.772
12.574;-1.039.315;15.628;-93.772
12.584;-1.047.129;39.072;-125.030
12.594;-1.054.943;39.072;-148.473
12.603;-1.054.943;78.144;-132.844
12.614;-1.078.387;101.587;-148.473
12.624;-1.086.201;101.587;-148.473
12.634;-1.078.387;101.587;-140.659
12.644;-1.086.201;101.587;-78.144
12.654;-1.094.015;70.329;-31.257
12.663;-1.117.459;54.700;-15.628
12.673;-1.148.716;62.515;15.628
12.682;-1.148.716;125.030;54.700
12.692;-1.125.273;171.916;101.587
12.702;-1.117.459;234.432;179.731
12.712;-1.148.716;250.060;187.545
12.722;-1.281.561;242.246;85.958
12.732;-1.515.993;195.360;-23.443
12.742;-1.617.580;171.916;-46.886
12.751;-1.570.694;117.216;-23.443
12.761;-1.531.622;54.700;140.659
12.771;-1.469.107;46.886;453.235
12.781;-1.359.705;-15.628;500.121
12.791;-1.250.304;-210.988;429.792
12.801;-1.148.716;-328.204;250.060
12.811;-1.148.716;-375.091;0.000
12.821;-1.203.417;-382.905;-195.360
12.832;-1.344.076;-304.761;-343.833
12.842;-1.476.921;-179.731;-351.648
12.852;-1.586.323;-39.072;-226.617
12.862;-1.539.436;15.628;-164.102
12.872;-1.375.334;0.000;-171.916
12.882;-1.179.974;-39.072;-179.731
12.892;-1.070.572;-7.814;-164.102
12.902;-1.000.243;23.443;-156.288
12.912;-968.985;101.587;-187.545
12.922;-953.356;132.844;-179.731
12.932;-968.985;117.216;-171.916
12.941;-953.356;62.515;-140.659
12.95;-906.470;7.814;-85.958
12.96;-828.326;-15.628;-70.329
12.97;-718.924;-15.628;-78.144
12.979;-609.523;-54.700;-78.144
12.989;-531.379;-31.257;-93.772
12.999;-476.678;-46.886;-85.958
13.009;-468.864;-78.144;-62.515
13.018;-500.121;-93.772;-46.886
13.028;-515.750;-140.659;-15.628
13.038;-562.636;-156.288;0.000
13.047;-617.337;-171.916;0.000
13.057;-640.780;-179.731;23.443
13.066;-664.223;-179.731;54.700
13.076;-695.481;-203.174;70.329
13.086;-718.924;-195.360;93.772
13.096;-703.296;-187.545;148.473
13.106;-711.110;-148.473;187.545
13.115;-695.481;-109.401;250.060
13.125;-687.667;-62.515;289.132
13.135;-687.667;-15.628;328.204
13.145;-687.667;-15.628;328.204
13.154;-750.182;23.443;320.390
13.163;-797.068;85.958;304.761
13.173;-875.212;171.916;304.761
13.183;-929.913;234.432;320.390
13.192;-968.985;328.204;375.091
13.202;-976.800;421.977;453.235
13.212;-1.008.057;492.307;531.379
13.222;-1.031.500;539.193;586.080
13.232;-1.117.459;609.523;656.409
13.242;-1.226.860;617.337;711.110
13.252;-1.289.375;625.152;687.667
13.262;-1.375.334;539.193;601.708
13.271;-1.281.561;421.977;476.678
13.281;-1.117.459;273.503;406.348
13.291;-968.985;117.216;382.905
13.3;-781.440;23.443;406.348
13.31;-570.451;-15.628;421.977
13.32;-414.163;23.443;570.451
13.329;-328.204;164.102;429.792
13.339;-906.470;148.473;304.761
13.349;-1.836.384;-39.072;-125.030
13.359;-2.578.751;382.905;390.720
13.369;-2.399.020;828.326;632.966
13.379;-1.203.417;250.060;-117.216
13.389;-336.019;0.000;-273.503
13.398;0.000;-101.587;-164.102
13.408;-70.329;-484.492;-109.401
13.417;-343.833;-640.780;78.144
13.427;-734.553;-507.936;-62.515
13.438;-1.148.716;-265.689;-390.720
13.448;-1.484.736;117.216;-476.678
13.458;-1.539.436;382.905;-343.833
13.468;-1.336.262;367.276;-289.132
13.479;-1.133.088;257.875;-203.174
13.488;-968.985;148.473;-85.958
13.498;-851.769;46.886;-70.329
13.507;-812.697;-46.886;-78.144
13.517;-836.140;-85.958;-39.072
13.527;-929.913;-78.144;-62.515
13.537;-1.000.243;-85.958;-85.958
13.547;-1.086.201;-39.072;-39.072
13.557;-1.109.644;-62.515;-15.628
13.566;-1.062.758;-125.030;-7.814
13.577;-1.015.872;-132.844;-23.443
13.587;-968.985;-101.587;-85.958
13.596;-937.728;-31.257;-132.844
13.606;-945.542;78.144;-195.360
13.617;-961.171;156.288;-203.174
13.626;-937.728;242.246;-210.988
13.636;-937.728;257.875;-179.731
13.646;-929.913;242.246;-195.360
13.656;-929.913;203.174;-203.174
13.666;-945.542;156.288;-195.360
13.675;-976.800;125.030;-156.288
13.685;-953.356;93.772;-132.844
13.695;-922.099;70.329;-117.216
13.704;-922.099;54.700;-54.700
13.713;-929.913;7.814;-15.628
13.722;-929.913;7.814;15.628
13.731;-945.542;7.814;23.443
13.74;-961.171;-7.814;31.257
13.749;-984.614;0.000;39.072
13.759;-992.428;-15.628;23.443
13.768;-984.614;-54.700;15.628
13.778;-1.015.872;-39.072;46.886
13.787;-1.023.686;-23.443;46.886
13.797;-1.031.500;7.814;-23.443
13.807;-1.078.387;70.329;-117.216
13.817;-1.101.830;132.844;-187.545
13.827;-1.086.201;195.360;-187.545
13.837;-1.047.129;210.988;-210.988
13.847;-1.039.315;195.360;-164.102
13.858;-1.039.315;140.659;-117.216
13.868;-1.078.387;109.401;-46.886
13.877;-1.101.830;62.515;-15.628
13.887;-1.125.273;70.329;-15.628
13.897;-1.156.531;70.329;-23.443
13.906;-1.164.345;93.772;31.257
13.916;-1.140.902;117.216;93.772
13.926;-1.195.603;164.102;164.102
13.935;-1.344.076;218.803;78.144
13.945;-1.492.550;187.545;-15.628
13.955;-1.437.849;101.587;-31.257
13.964;-1.359.705;62.515;7.814
13.974;-1.351.891;54.700;140.659
13.984;-1.328.447;23.443;289.132
13.994;-1.312.819;-39.072;351.648
14.004;-1.281.561;-109.401;320.390
14.014;-1.226.860;-148.473;234.432
14.024;-1.179.974;-171.916;78.144
14.034;-1.156.531;-187.545;-85.958
14.044;-1.250.304;-156.288;-273.503
14.055;-1.336.262;-132.844;-328.204
14.065;-1.437.849;-101.587;-289.132
14.075;-1.469.107;-70.329;-210.988
14.086;-1.398.777;-31.257;-164.102
14.096;-1.297.190;-31.257;-164.102
14.106;-1.195.603;-46.886;-179.731
14.116;-1.156.531;-7.814;-187.545
14.127;-1.109.644;54.700;-148.473
14.136;-1.070.572;101.587;-117.216
14.146;-1.031.500;156.288;-101.587
14.156;-992.428;132.844;-101.587
14.166;-968.985;109.401;-78.144
14.175;-914.284;101.587;-78.144
14.185;-851.769;93.772;-78.144
14.195;-742.368;54.700;-109.401
14.206;-664.223;15.628;-109.401
14.214;-609.523;-7.814;-93.772
14.223;-601.708;-62.515;-62.515
14.233;-601.708;-101.587;-54.700
14.243;-625.152;-140.659;-46.886
14.253;-632.966;-171.916;-39.072
14.263;-617.337;-179.731;-23.443
14.273;-617.337;-156.288;-15.628
14.283;-601.708;-164.102;15.628
14.292;-632.966;-156.288;54.700
14.302;-664.223;-156.288;101.587
14.312;-664.223;-140.659;117.216
14.322;-632.966;-140.659;171.916
14.332;-601.708;-93.772;210.988
14.341;-609.523;-93.772;210.988
14.351;-617.337;-54.700;250.060
14.361;-648.595;-39.072;289.132
14.37;-695.481;7.814;312.576
14.379;-750.182;31.257;296.947
14.389;-781.440;62.515;289.132
14.398;-836.140;125.030;281.318
14.408;-867.398;195.360;304.761
14.418;-914.284;273.503;351.648
14.427;-945.542;367.276;445.420
14.437;-1.008.057;461.049;523.564
14.447;-1.101.830;515.750;578.265
14.457;-1.226.860;578.265;625.152
14.467;-1.351.891;593.894;664.223
14.477;-1.500.364;578.265;687.667
14.487;-1.469.107;547.007;664.223
14.497;-1.336.262;476.678;601.708
14.507;-1.133.088;336.019;531.379
14.516;-890.841;148.473;500.121
14.526;-664.223;7.814;468.864
14.535;-492.307;-54.700;382.905
14.545;-367.276;-85.958;351.648
14.554;-343.833;0.000;414.163
14.564;-539.193;296.947;375.091
14.573;-1.492.550;515.750;78.144
14.583;-2.266.176;718.924;54.700
14.593;-2.258.361;578.265;351.648
14.603;-1.492.550;125.030;93.772
14.612;-632.966;31.257;-46.886
14.621;-148.473;54.700;-93.772
14.632;-187.545;-226.617;-171.916
14.642;-320.390;-492.307;-23.443
14.651;-687.667;-453.235;-7.814
14.662;-1.078.387;-312.576;-304.761
14.671;-1.367.520;0.000;-437.606
14.682;-1.445.664;203.174;-328.204
14.692;-1.312.819;195.360;-179.731
14.702;-1.125.273;70.329;-101.587
14.711;-992.428;31.257;-54.700
14.72;-929.913;0.000;-46.886
14.729;-922.099;0.000;-46.886
14.739;-875.212;-7.814;-46.886
14.748;-890.841;-70.329;-31.257
14.758;-906.470;-78.144;-15.628
14.768;-976.800;-78.144;-15.628
14.778;-1.047.129;-54.700;-54.700
14.788;-1.078.387;-70.329;-39.072
14.798;-1.094.015;-101.587;-46.886
14.808;-1.094.015;-101.587;-62.515
14.818;-1.031.500;-70.329;-70.329
14.828;-1.000.243;-23.443;-109.401
14.838;-1.000.243;54.700;-156.288
14.848;-1.008.057;132.844;-156.288
14.858;-1.000.243;242.246;-140.659
14.868;-984.614;304.761;-179.731
14.878;-961.171;328.204;-210.988
14.888;-929.913;296.947;-218.803
14.898;-922.099;250.060;-210.988
14.908;-945.542;210.988;-195.360
14.918;-992.428;195.360;-171.916
14.928;-929.913;171.916;-140.659
14.937;-937.728;140.659;-70.329
14.947;-929.913;101.587;-23.443
14.956;-922.099;54.700;23.443
14.965;-945.542;23.443;54.700
14.974;-953.356;0.000;93.772
14.984;-976.800;-46.886;62.515
14.993;-992.428;-78.144;39.072
15.002;-984.614;-62.515;7.814
15.012;-984.614;-39.072;-31.257
15.021;-968.985;15.628;-85.958
15.031;-1.008.057;78.144;-109.401
15.041;-1.054.943;117.216;-140.659
15.051;-1.062.758;101.587;-125.030
15.061;-1.039.315;93.772;-85.958
15.071;-1.047.129;78.144;-39.072
15.08;-1.054.943;54.700;-31.257
15.09;-1.047.129;15.628;-109.401
15.1;-1.054.943;7.814;-62.515
15.109;-1.054.943;7.814;-31.257
15.118;-1.078.387;0.000;-7.814
15.128;-1.047.129;15.628;54.700
15.137;-1.054.943;0.000;54.700
15.146;-1.086.201;15.628;93.772
15.156;-1.086.201;46.886;93.772
15.165;-1.062.758;15.628;117.216
15.175;-1.054.943;46.886;179.731
15.185;-1.086.201;78.144;218.803
15.195;-1.125.273;132.844;117.216
15.204;-1.195.603;179.731;39.072
15.214;-1.351.891;187.545;-54.700
15.224;-1.492.550;195.360;-31.257
15.234;-1.500.364;187.545;15.628
15.244;-1.430.035;195.360;117.216
15.254;-1.226.860;148.473;117.216
15.263;-1.156.531;39.072;109.401
15.273;-1.109.644;-46.886;0.000
15.283;-1.187.788;-171.916;-187.545
15.294;-1.289.375;-210.988;-304.761
15.304;-1.406.592;-218.803;-343.833
15.314;-1.484.736;-195.360;-273.503
15.325;-1.476.921;-117.216;-171.916
15.335;-1.390.963;-31.257;-117.216
15.345;-1.312.819;7.814;-101.587
15.354;-1.242.489;46.886;-85.958
15.364;-1.211.232;31.257;-70.329
15.374;-1.172.160;31.257;-62.515
15.383;-1.125.273;15.628;-62.515
15.393;-1.054.943;-7.814;-62.515
15.403;-992.428;-62.515;-62.515
15.412;-937.728;-85.958;-85.958
15.422;-890.841;-109.401;-70.329
15.432;-828.326;-85.958;-78.144
15.442;-789.254;-70.329;-70.329
15.451;-750.182;-62.515;-78.144
15.461;-718.924;-78.144;-62.515
15.471;-711.110;-93.772;-54.700
15.481;-711.110;-93.772;-54.700
15.49;-679.852;-117.216;-7.814
15.5;-672.038;-109.401;7.814
15.509;-648.595;-109.401;31.257
15.519;-625.152;-101.587;54.700
15.529;-632.966;-93.772;85.958
15.538;-632.966;-93.772;85.958
15.548;-664.223;-109.401;101.587
15.558;-672.038;-117.216;140.659
15.568;-679.852;-117.216;148.473
15.578;-703.296;-109.401;140.659
15.587;-695.481;-93.772;156.288
15.597;-648.595;-39.072;171.916
15.606;-632.966;0.000;171.916
15.615;-609.523;7.814;203.174
15.624;-609.523;7.814;203.174
15.633;-640.780;7.814;203.174
15.642;-687.667;7.814;218.803
15.652;-750.182;46.886;242.246
15.661;-820.512;93.772;281.318
15.671;-898.656;171.916;328.204
15.681;-961.171;289.132;375.091
15.691;-1.015.872;382.905;468.864
15.7;-1.148.716;468.864;593.894
15.71;-1.305.004;484.492;679.852
15.72;-1.430.035;531.379;726.739
15.73;-1.437.849;593.894;812.697
15.74;-1.367.520;609.523;820.512
15.75;-1.226.860;500.121;695.481
15.76;-1.086.201;328.204;578.265
15.769;-937.728;156.288;554.822
15.779;-703.296;62.515;539.193
15.788;-593.894;78.144;547.007
15.798;-593.894;187.545;609.523
15.808;-851.769;187.545;609.523
15.818;-1.469.107;578.265;234.432
15.828;-1.898.899;1.320.633;-62.515
15.838;-1.601.952;1.062.758;-187.545
15.848;-468.864;-382.905;-132.844
15.858;31.257;-320.390;343.833
15.867;31.257;-320.390;343.833
15.877;-125.030;-414.163;54.700
15.887;-453.235;-523.564;-15.628
15.896;-961.171;-398.534;-7.814
15.907;-1.414.406;-281.318;-289.132
15.917;-1.484.736;-7.814;-421.977
15.927;-1.328.447;109.401;-281.318
15.937;-1.062.758;46.886;-132.844
15.946;-929.913;31.257;-39.072
15.956;-875.212;23.443;-109.401
15.966;-883.027;109.401;-156.288
15.976;-945.542;171.916;-195.360
15.986;-984.614;148.473;-125.030
15.995;-984.614;54.700;-101.587
16.005;-992.428;0.000;-31.257
16.014;-1.015.872;-31.257;-23.443
16.024;-1.015.872;-93.772;-15.628
16.034;-1.039.315;-148.473;-23.443
16.045;-1.039.315;-132.844;-39.072
16.055;-1.023.686;-109.401;-70.329
16.065;-992.428;-23.443;-132.844
16.074;-984.614;31.257;-164.102
16.084;-968.985;125.030;-195.360
16.094;-968.985;164.102;-171.916
16.104;-961.171;218.803;-187.545
16.114;-961.171;257.875;-195.360
16.124;-937.728;218.803;-203.174
16.134;-922.099;195.360;-234.432
16.144;-929.913;171.916;-171.916
16.154;-937.728;109.401;-164.102
16.163;-929.913;54.700;-85.958
16.172;-937.728;31.257;-54.700
16.181;-922.099;-7.814;0.000
16.191;-976.800;-54.700;31.257
16.2;-992.428;-78.144;62.515
16.21;-992.428;-93.772;125.030
16.22;-992.428;-101.587;125.030
16.23;-1.015.872;-109.401;85.958
16.24;-1.031.500;-117.216;31.257
16.249;-1.070.572;-62.515;-15.628
16.259;-1.086.201;0.000;-62.515
16.269;-1.094.015;125.030;-85.958
16.279;-1.078.387;242.246;-132.844
16.289;-1.047.129;320.390;-179.731
16.299;-1.047.129;343.833;-218.803
16.31;-1.054.943;289.132;-195.360
16.32;-1.054.943;226.617;-132.844
16.33;-1.086.201;148.473;-101.587
16.34;-1.109.644;101.587;-54.700
16.35;-1.094.015;109.401;15.628
16.359;-1.062.758;70.329;70.329
16.369;-1.078.387;39.072;140.659
16.379;-1.086.201;109.401;210.988
16.388;-1.226.860;164.102;187.545
16.398;-1.523.807;210.988;93.772
16.408;-1.656.652;171.916;15.628
16.418;-1.523.807;31.257;-15.628
16.427;-1.445.664;-46.886;171.916
16.438;-1.336.262;-101.587;328.204
16.448;-1.250.304;-148.473;351.648
16.458;-1.179.974;-234.432;265.689
16.468;-1.187.788;-328.204;54.700
16.478;-1.234.675;-351.648;-132.844
16.489;-1.305.004;-296.947;-367.276
16.499;-1.375.334;-218.803;-437.606
16.51;-1.422.220;-125.030;-375.091
16.52;-1.430.035;-62.515;-281.318
16.53;-1.375.334;-15.628;-148.473
16.539;-1.305.004;7.814;-85.958
16.549;-1.273.747;0.000;-62.515
16.558;-1.234.675;46.886;-62.515
16.568;-1.156.531;85.958;-101.587
16.578;-1.101.830;31.257;-85.958
16.588;-1.031.500;0.000;-109.401
16.598;-1.015.872;-31.257;-125.030
16.608;-984.614;-78.144;-85.958
16.618;-953.356;-109.401;-46.886
16.627;-883.027;-109.401;-46.886
16.637;-843.955;-85.958;-62.515
16.647;-773.625;-93.772;-54.700
16.656;-718.924;-93.772;-54.700
16.666;-695.481;-148.473;-39.072
16.676;-640.780;-179.731;-7.814
16.686;-593.894;-187.545;31.257
16.695;-593.894;-187.545;0.000
16.705;-570.451;-179.731;23.443
16.715;-570.451;-156.288;39.072
16.724;-601.708;-140.659;62.515
16.734;-648.595;-125.030;62.515
16.744;-672.038;-117.216;85.958
16.754;-695.481;-125.030;132.844
16.764;-679.852;-109.401;117.216
16.773;-656.409;-62.515;148.473
16.783;-601.708;-7.814;156.288
16.792;-570.451;31.257;226.617
16.802;-547.007;109.401;273.503
16.811;-554.822;85.958;234.432
16.821;-601.708;93.772;234.432
16.83;-664.223;109.401;265.689
16.84;-750.182;148.473;281.318
16.85;-843.955;195.360;312.576
16.859;-922.099;281.318;367.276
16.869;-1.015.872;375.091;406.348
16.879;-1.109.644;500.121;500.121
16.889;-1.203.417;570.451;586.080
16.899;-1.344.076;539.193;625.152
16.909;-1.375.334;507.936;687.667
16.919;-1.367.520;492.307;711.110
16.929;-1.226.860;461.049;664.223
16.939;-1.078.387;375.091;601.708
16.948;-914.284;257.875;562.636
16.958;-742.368;132.844;562.636
16.967;-625.152;39.072;547.007
16.977;-484.492;-15.628;531.379
16.987;-351.648;-15.628;531.379
16.996;-234.432;195.360;320.390
17.006;-578.265;453.235;7.814
17.016;-1.422.220;382.905;-218.803
17.025;-2.273.990;554.822;39.072
17.036;-2.453.721;1.086.201;586.080
17.046;-1.656.652;664.223;210.988
17.055;-843.955;85.958;-93.772
17.064;-843.955;85.958;23.443
17.073;-250.060;54.700;23.443
17.083;-117.216;-156.288;39.072
17.092;-234.432;-492.307;70.329
17.102;-531.379;-507.936;140.659
17.113;-922.099;-375.091;-109.401
17.123;-1.273.747;-78.144;-367.276
17.133;-1.375.334;117.216;-398.534
17.143;-1.297.190;171.916;-195.360
17.153;-1.148.716;101.587;-117.216
17.163;-1.039.315;70.329;-109.401
17.173;-945.542;70.329;-78.144
17.182;-890.841;46.886;-78.144
17.191;-906.470;0.000;-46.886
17.201;-929.913;-70.329;-15.628
17.21;-953.356;-109.401;0.000
17.22;-1.000.243;-125.030;-31.257
17.23;-1.070.572;-140.659;0.000
17.24;-1.054.943;-156.288;15.628
17.25;-1.054.943;-171.916;7.814
17.26;-1.039.315;-101.587;-23.443
17.27;-1.031.500;-39.072;-101.587
17.28;-1.000.243;7.814;-164.102
17.29;-1.000.243;117.216;-187.545
17.3;-992.428;195.360;-187.545
17.31;-984.614;273.503;-203.174
17.32;-968.985;296.947;-210.988
17.33;-922.099;289.132;-210.988
17.34;-922.099;281.318;-226.617
17.35;-922.099;234.432;-257.875
17.359;-914.284;164.102;-234.432
17.369;-929.913;164.102;-195.360
17.379;-922.099;125.030;-132.844
17.389;-922.099;62.515;-85.958
17.398;-945.542;15.628;-54.700
17.407;-961.171;-23.443;15.628
17.417;-968.985;-62.515;46.886
17.426;-976.800;-109.401;54.700
17.436;-992.428;-140.659;62.515
17.446;-1.000.243;-140.659;39.072
17.456;-1.000.243;-117.216;31.257
17.466;-1.008.057;-78.144;-7.814
17.476;-1.015.872;-39.072;-46.886
17.485;-1.047.129;0.000;-101.587
17.495;-1.054.943;46.886;-109.401
17.505;-1.062.758;125.030;-125.030
17.516;-1.070.572;187.545;-164.102
17.526;-1.062.758;203.174;-218.803
17.536;-1.078.387;187.545;-218.803
17.546;-1.078.387;140.659;-242.246
17.556;-1.086.201;85.958;-179.731
17.566;-1.101.830;62.515;-85.958
17.575;-1.117.459;23.443;-31.257
17.585;-1.094.015;15.628;15.628
17.595;-1.109.644;23.443;109.401
17.604;-1.078.387;15.628;187.545
17.614;-1.094.015;7.814;242.246
17.623;-1.094.015;39.072;273.503
17.633;-1.148.716;39.072;273.503
17.643;-1.179.974;109.401;195.360
17.653;-1.336.262;117.216;15.628
17.663;-1.515.993;109.401;-39.072
17.672;-1.508.179;125.030;-62.515
17.682;-1.414.406;70.329;0.000
17.691;-1.344.076;46.886;148.473
17.701;-1.265.932;31.257;257.875
17.711;-1.172.160;-109.401;265.689
17.721;-1.101.830;-218.803;156.288
17.732;-1.140.902;-265.689;-39.072
17.742;-1.250.304;-234.432;-242.246
17.752;-1.359.705;-187.545;-359.462
17.763;-1.406.592;-125.030;-375.091
17.773;-1.414.406;-70.329;-296.947
17.783;-1.375.334;-7.814;-187.545
17.793;-1.265.932;7.814;-164.102
17.802;-1.211.232;0.000;-132.844
17.812;-1.172.160;7.814;-125.030
17.822;-1.125.273;39.072;-117.216
17.832;-1.086.201;54.700;-93.772
17.841;-1.023.686;39.072;-101.587
17.851;-961.171;7.814;-93.772
17.86;-906.470;-31.257;-93.772
17.87;-843.955;-54.700;-78.144
17.88;-804.883;-62.515;-85.958
17.889;-757.996;-62.515;-93.772
17.899;-703.296;-46.886;-93.772
17.909;-664.223;-39.072;-70.329
17.918;-656.409;-23.443;-46.886
17.928;-656.409;-39.072;-46.886
17.938;-672.038;-70.329;-23.443
17.947;-679.852;-101.587;7.814
17.957;-726.739;-125.030;23.443
17.967;-742.368;-117.216;54.700
17.976;-742.368;-125.030;78.144
17.986;-757.996;-140.659;101.587
17.996;-757.996;-140.659;109.401
18.006;-757.996;-156.288;140.659
18.016;-703.296;-148.473;171.916
18.026;-664.223;-132.844;210.988
18.036;-640.780;-78.144;242.246
18.045;-609.523;-39.072;273.503
18.054;-601.708;0.000;257.875
18.064;-625.152;23.443;265.689
18.073;-664.223;70.329;234.432
18.083;-726.739;85.958;218.803
18.092;-757.996;132.844;226.617
18.102;-781.440;132.844;226.617
18.112;-843.955;171.916;226.617
18.122;-883.027;242.246;273.503
18.131;-929.913;312.576;296.947
18.141;-984.614;390.720;359.462
18.151;-1.070.572;437.606;406.348
18.161;-1.203.417;507.936;445.420
18.17;-1.328.447;601.708;500.121
18.18;-1.437.849;632.966;593.894
18.19;-1.430.035;601.708;648.595
18.2;-1.297.190;492.307;656.409
18.21;-1.140.902;320.390;578.265
18.22;-945.542;148.473;586.080
18.229;-718.924;7.814;562.636
18.238;-531.379;-46.886;523.564
18.248;-429.792;-117.216;390.720
18.258;-429.792;-54.700;382.905
18.268;-640.780;148.473;296.947
18.278;-1.523.807;406.348;109.401
18.287;-2.320.876;609.523;62.515
18.297;-2.289.619;492.307;343.833
18.307;-1.578.508;125.030;296.947
18.317;-656.409;-132.844;-23.443
18.328;-125.030;-85.958;-109.401
18.337;-140.659;-343.833;-140.659
18.347;-343.833;-562.636;7.814
18.356;-656.409;-492.307;46.886
18.367;-1.094.015;-398.534;-304.761
18.377;-1.437.849;-148.473;-500.121
18.387;-1.508.179;179.731;-406.348
18.398;-1.367.520;336.019;-390.720
18.408;-1.187.788;273.503;-359.462
18.418;-1.047.129;187.545;-210.988
18.428;-945.542;125.030;-164.102
18.437;-890.841;46.886;-132.844
18.447;-890.841;-7.814;-85.958
18.457;-945.542;-39.072;-54.700
18.466;-984.614;-62.515;-39.072
18.476;-1.008.057;-70.329;-23.443
18.486;-1.070.572;-46.886;-31.257
18.496;-1.078.387;-46.886;-23.443
18.506;-1.047.129;-54.700;-39.072
18.516;-992.428;-15.628;-70.329
18.525;-961.171;39.072;-171.916
18.535;-929.913;78.144;-210.988
18.545;-914.284;148.473;-234.432
18.555;-890.841;250.060;-234.432
18.565;-914.284;289.132;-234.432
18.575;-929.913;281.318;-187.545
18.585;-937.728;265.689;-179.731
18.594;-961.171;226.617;-140.659
18.604;-968.985;148.473;-132.844
18.614;-992.428;109.401;-93.772
18.623;-976.800;93.772;-62.515
18.633;-929.913;62.515;-39.072
18.642;-898.656;23.443;-23.443
18.651;-890.841;23.443;0.000
18.66;-906.470;23.443;23.443
18.669;-906.470;23.443;23.443
18.678;-945.542;46.886;39.072
18.688;-992.428;39.072;31.257
18.697;-1.039.315;23.443;39.072
18.706;-1.054.943;0.000;46.886
18.716;-1.078.387;-23.443;62.515
18.725;-1.070.572;-39.072;62.515
18.735;-1.078.387;-39.072;23.443
18.745;-1.078.387;23.443;31.257
18.754;-1.070.572;125.030;-7.814
18.764;-1.062.758;179.731;-54.700
18.774;-1.054.943;210.988;-117.216
18.784;-1.054.943;210.988;-109.401
18.795;-1.062.758;195.360;-132.844
18.805;-1.086.201;148.473;-117.216
18.815;-1.094.015;93.772;-62.515
18.824;-1.101.830;70.329;15.628
18.833;-1.078.387;46.886;62.515
18.843;-1.054.943;-7.814;85.958
18.852;-1.015.872;-23.443;62.515
18.862;-1.000.243;-23.443;85.958
18.872;-1.015.872;54.700;70.329
18.881;-1.015.872;148.473;31.257
18.891;-1.062.758;187.545;-101.587
18.902;-1.164.345;187.545;-195.360
18.912;-1.297.190;210.988;-210.988
18.922;-1.336.262;187.545;-125.030
18.932;-1.320.633;117.216;23.443
18.942;-1.312.819;125.030;203.174
18.951;-1.305.004;70.329;257.875
18.961;-1.281.561;-54.700;218.803
18.971;-1.273.747;-140.659;132.844
18.981;-1.219.046;-164.102;39.072
18.992;-1.179.974;-164.102;-54.700
19.002;-1.211.232;-148.473;-164.102
19.012;-1.289.375;-125.030;-210.988
19.023;-1.367.520;-101.587;-257.875
19.033;-1.359.705;-70.329;-218.803
19.043;-1.297.190;-39.072;-179.731
19.053;-1.226.860;0.000;-132.844
19.063;-1.195.603;23.443;-70.329
19.072;-1.187.788;31.257;-54.700
19.082;-1.109.644;39.072;-7.814
19.091;-1.023.686;39.072;23.443
19.1;-945.542;0.000;7.814
19.109;-945.542;0.000;-23.443
19.118;-898.656;-31.257;-7.814
19.127;-851.769;-54.700;7.814
19.137;-836.140;-23.443;15.628
19.146;-804.883;-7.814;62.515
19.155;-789.254;7.814;70.329
19.164;-765.811;15.628;31.257
19.173;-750.182;0.000;31.257
19.182;-734.553;-31.257;31.257
19.191;-726.739;-46.886;31.257
19.201;-711.110;-62.515;39.072
19.21;-695.481;-85.958;54.700
19.22;-703.296;-101.587;46.886
19.23;-726.739;-109.401;46.886
19.239;-750.182;-70.329;78.144
19.248;-750.182;-70.329;78.144
19.258;-765.811;-78.144;85.958
19.268;-765.811;-85.958;140.659
19.277;-750.182;-85.958;148.473
19.287;-742.368;-85.958;187.545
19.297;-672.038;-85.958;203.174
19.306;-640.780;-62.515;226.617
19.316;-617.337;-31.257;257.875
19.325;-632.966;-7.814;281.318
19.335;-679.852;31.257;296.947
19.344;-687.667;93.772;304.761
19.354;-726.739;156.288;312.576
19.364;-765.811;242.246;320.390
19.373;-828.326;367.276;375.091
19.383;-929.913;468.864;476.678
19.393;-1.062.758;515.750;617.337
19.403;-1.242.489;539.193;757.996
19.413;-1.406.592;539.193;836.140
19.423;-1.453.478;539.193;820.512
19.433;-1.383.148;523.564;742.368
19.442;-1.164.345;492.307;648.595
19.452;-1.008.057;398.534;507.936
19.462;-836.140;226.617;414.163
19.471;-687.667;62.515;328.204
19.481;-515.750;-70.329;218.803
19.491;-367.276;-93.772;187.545
19.501;-273.503;-39.072;210.988
19.51;-117.216;273.503;-15.628
19.52;-406.348;515.750;-304.761
19.53;-1.117.459;281.318;-164.102
19.54;-2.242.732;109.401;171.916
19.55;-2.977.286;687.667;953.356
19.56;-2.328.691;781.440;570.451
19.57;-1.156.531;351.648;-148.473
19.58;-476.678;226.617;-132.844
19.59;-171.916;-46.886;-78.144
19.6;-242.246;-507.936;15.628
19.609;-359.462;-679.852;304.761
19.619;-570.451;-656.409;156.288
19.63;-937.728;-421.977;-265.689
19.639;-1.328.447;23.443;-398.534
19.65;-1.508.179;367.276;-296.947
19.66;-1.406.592;421.977;-218.803
19.67;-1.179.974;336.019;-195.360
19.68;-1.008.057;281.318;-164.102
19.69;-836.140;179.731;-125.030
19.7;-773.625;54.700;-62.515
19.709;-812.697;-15.628;-15.628
19.719;-914.284;-23.443;-39.072
19.728;-984.614;-7.814;-39.072
19.738;-1.015.872;-15.628;-39.072
19.748;-1.031.500;-85.958;-7.814
19.758;-1.047.129;-85.958;-7.814
19.768;-1.031.500;-148.473;23.443
19.777;-1.031.500;-164.102;0.000
19.787;-1.000.243;-140.659;-46.886
19.798;-984.614;-101.587;-109.401
19.807;-976.800;0.000;-195.360
19.817;-968.985;101.587;-226.617
19.827;-929.913;218.803;-218.803
19.837;-929.913;257.875;-218.803
19.847;-945.542;304.761;-210.988
19.857;-968.985;281.318;-234.432
19.866;-984.614;250.060;-234.432
19.876;-992.428;203.174;-179.731
19.886;-976.800;171.916;-156.288
19.896;-945.542;156.288;-109.401
19.906;-937.728;101.587;-54.700
19.915;-929.913;46.886;-15.628
19.924;-945.542;0.000;15.628
19.933;-961.171;-7.814;39.072
19.942;-976.800;-7.814;46.886
19.952;-1.000.243;-7.814;23.443
19.961;-1.008.057;-23.443;31.257
19.971;-1.023.686;-31.257;23.443
19.981;-1.008.057;-23.443;15.628
19.99;-984.614;-7.814;-46.886
20.0;-1.000.243;-31.257;-85.958
20.01;-1.015.872;-7.814;-140.659
20.02;-1.054.943;23.443;-250.060
20.03;-1.062.758;93.772;-281.318
20.04;-1.054.943;140.659;-250.060
20.05;-1.047.129;132.844;-265.689
20.06;-1.039.315;101.587;-210.988
20.07;-1.047.129;54.700;-171.916
20.08;-1.086.201;15.628;-140.659
20.09;-1.101.830;0.000;-109.401
20.1;-1.109.644;-31.257;-62.515
20.11;-1.101.830;-46.886;-15.628
20.119;-1.094.015;-23.443;39.072
20.129;-1.086.201;-15.628;93.772
20.139;-1.094.015;15.628;164.102
20.148;-1.125.273;39.072;179.731
20.158;-1.179.974;101.587;164.102
20.168;-1.297.190;187.545;117.216
20.178;-1.523.807;296.947;31.257
20.188;-1.578.508;343.833;-46.886
20.198;-1.484.736;296.947;-31.257
20.207;-1.445.664;226.617;62.515
20.217;-1.445.664;132.844;273.503
20.227;-1.328.447;62.515;375.091
20.237;-1.219.046;-39.072;336.019
20.247;-1.148.716;-171.916;234.432
20.257;-1.133.088;-210.988;132.844
20.268;-1.179.974;-187.545;-31.257
20.278;-1.234.675;-164.102;-187.545
20.288;-1.281.561;-117.216;-281.318
20.299;-1.383.148;-109.401;-343.833
20.309;-1.406.592;-101.587;-328.204
20.32;-1.375.334;-93.772;-281.318
20.33;-1.297.190;-62.515;-210.988
20.34;-1.219.046;-62.515;-203.174
20.35;-1.125.273;-31.257;-187.545
20.36;-1.062.758;39.072;-132.844
20.37;-1.000.243;117.216;-101.587
20.38;-929.913;117.216;-101.587
20.39;-883.027;85.958;-109.401
20.399;-867.398;54.700;-70.329
20.409;-851.769;31.257;-46.886
20.418;-789.254;15.628;-46.886
20.427;-718.924;23.443;-70.329
20.437;-656.409;39.072;-93.772
20.446;-632.966;39.072;-93.772
20.456;-632.966;39.072;-125.030
20.465;-601.708;23.443;-101.587
20.475;-640.780;-7.814;-93.772
20.485;-664.223;-46.886;-54.700
20.495;-679.852;-101.587;-23.443
20.504;-703.296;-132.844;7.814
20.514;-734.553;-140.659;23.443
20.523;-765.811;-164.102;46.886
20.533;-765.811;-171.916;78.144
20.543;-765.811;-195.360;125.030
20.553;-742.368;-148.473;164.102
20.563;-695.481;-148.473;210.988
20.572;-656.409;-85.958;257.875
20.582;-648.595;-54.700;304.761
